Format Version,1.22,Take Name,hw3_v2_A_003,Capture Frame Rate,360.000000,Export Frame Rate,360.000000,Capture Start Time,29 Dec 1969 00:48:58 +0800,Total Frames in Take,1067,Total Exported Frames,1067,Rotation Type,Quaternion,Length Units,Meters,Coordinate Space,Global

,,Rigid Body,Rigid Body,Rigid Body,Rigid Body,Rigid Body,Rigid Body,Rigid Body,Rigid Body,Rigid Body,Rigid Body,Rigid Body,Rigid Body,Rigid Body,Rigid Body
,,RigidBody 01,RigidBody 01,RigidBody 01,RigidBody 01,RigidBody 01,RigidBody 01,RigidBody 01,RigidBody 02,RigidBody 02,RigidBody 02,RigidBody 02,RigidBody 02,RigidBody 02,RigidBody 02
,,"4F4B8F34BD9011ED3CE6FFAD6BA8968C","4F4B8F34BD9011ED3CE6FFAD6BA8968C","4F4B8F34BD9011ED3CE6FFAD6BA8968C","4F4B8F34BD9011ED3CE6FFAD6BA8968C","4F4B8F34BD9011ED3CE6FFAD6BA8968C","4F4B8F34BD9011ED3CE6FFAD6BA8968C","4F4B8F34BD9011ED3CE6FFAD6BA8968C","D435570C19E11ED3CE6FFAD6BA8978C","D435570C19E11ED3CE6FFAD6BA8978C","D435570C19E11ED3CE6FFAD6BA8978C","D435570C19E11ED3CE6FFAD6BA8978C","D435570C19E11ED3CE6FFAD6BA8978C","D435570C19E11ED3CE6FFAD6BA8978C","D435570C19E11ED3CE6FFAD6BA8978C"
,,Rotation,Rotation,Rotation,Rotation,Position,Position,Position,Rotation,Rotation,Rotation,Rotation,Position,Position,Position
Frame,Time (Seconds),X,Y,Z,W,X,Y,Z,X,Y,Z,W,X,Y,Z
0,0.000000,,,,,,,,-0.020860,-0.463668,0.058911,-0.883802,-0.928247,0.170851,0.768820
1,0.002778,,,,,,,,-0.020878,-0.463683,0.058920,-0.883793,-0.928248,0.170843,0.768814
2,0.005556,,,,,,,,-0.020728,-0.463168,0.058411,-0.884101,-0.927994,0.170746,0.768760
3,0.008333,,,,,,,,-0.020883,-0.463652,0.058924,-0.883809,-0.928245,0.170851,0.768819
4,0.011111,,,,,,,,-0.020886,-0.463411,0.058460,-0.883966,-0.928132,0.170995,0.768914
5,0.013889,,,,,,,,-0.020916,-0.463387,0.058424,-0.883981,-0.928139,0.170990,0.768916
6,0.016667,,,,,,,,-0.020866,-0.463687,0.058891,-0.883794,-0.928253,0.170843,0.768814
7,0.019444,,,,,,,,-0.020876,-0.463674,0.058900,-0.883800,-0.928248,0.170846,0.768816
8,0.022222,,,,,,,,-0.020929,-0.463379,0.058464,-0.883982,-0.928129,0.170998,0.768912
9,0.025000,,,,,,,,-0.020898,-0.463376,0.058456,-0.883985,-0.928134,0.170991,0.768909
10,0.027778,,,,,,,,-0.020890,-0.463396,0.058447,-0.883975,-0.928138,0.170997,0.768918
11,0.030556,,,,,,,,-0.020895,-0.463394,0.058418,-0.883978,-0.928135,0.170998,0.768910
12,0.033333,,,,,,,,-0.020899,-0.463378,0.058413,-0.883986,-0.928130,0.171002,0.768909
13,0.036111,,,,,,,,-0.020914,-0.463382,0.058443,-0.883982,-0.928134,0.171009,0.768918
14,0.038889,,,,,,,,-0.020926,-0.463374,0.058477,-0.883984,-0.928135,0.170996,0.768912
15,0.041667,,,,,,,,-0.020868,-0.463671,0.058887,-0.883802,-0.928247,0.170852,0.768810
16,0.044444,,,,,,,,-0.020896,-0.463400,0.058456,-0.883972,-0.928143,0.170994,0.768913
17,0.047222,,,,,,,,-0.020902,-0.463677,0.058847,-0.883801,-0.928250,0.170881,0.768814
18,0.050000,,,,,,,,-0.020901,-0.463407,0.058426,-0.883971,-0.928140,0.171000,0.768910
19,0.052778,,,,,,,,-0.020905,-0.463388,0.058469,-0.883977,-0.928136,0.170999,0.768914
20,0.055556,,,,,,,,-0.020895,-0.463393,0.058447,-0.883976,-0.928137,0.171000,0.768919
21,0.058333,,,,,,,,-0.020899,-0.463383,0.058434,-0.883982,-0.928137,0.170998,0.768915
22,0.061111,,,,,,,,-0.020917,-0.463374,0.058436,-0.883987,-0.928136,0.170995,0.768916
23,0.063889,,,,,,,,-0.020904,-0.463384,0.058467,-0.883980,-0.928133,0.170997,0.768917
24,0.066667,,,,,,,,-0.020903,-0.463390,0.058434,-0.883979,-0.928136,0.170990,0.768918
25,0.069444,,,,,,,,-0.020901,-0.463378,0.058458,-0.883983,-0.928136,0.170991,0.768917
26,0.072222,,,,,,,,-0.020845,-0.463689,0.058883,-0.883793,-0.928248,0.170842,0.768819
27,0.075000,,,,,,,,-0.020891,-0.463671,0.058926,-0.883799,-0.928251,0.170842,0.768813
28,0.077778,,,,,,,,-0.020863,-0.463675,0.058906,-0.883799,-0.928249,0.170839,0.768808
29,0.080556,,,,,,,,-0.020892,-0.463399,0.058450,-0.883973,-0.928139,0.170992,0.768915
30,0.083333,,,,,,,,-0.020924,-0.463389,0.058432,-0.883979,-0.928134,0.171000,0.768915
31,0.086111,,,,,,,,-0.020719,-0.463197,0.058422,-0.884085,-0.927989,0.170754,0.768759
32,0.088889,,,,,,,,-0.020905,-0.463373,0.058436,-0.883987,-0.928129,0.170988,0.768906
33,0.091667,,,,,,,,-0.020905,-0.463397,0.058458,-0.883973,-0.928132,0.170998,0.768902
34,0.094444,,,,,,,,-0.020860,-0.463687,0.058892,-0.883794,-0.928246,0.170863,0.768813
35,0.097222,,,,,,,,-0.020905,-0.463414,0.058459,-0.883964,-0.928140,0.171001,0.768902
36,0.100000,,,,,,,,-0.020908,-0.463390,0.058426,-0.883979,-0.928138,0.171004,0.768912
37,0.102778,,,,,,,,-0.020879,-0.463665,0.058881,-0.883805,-0.928246,0.170850,0.768813
38,0.105556,,,,,,,,-0.020915,-0.463385,0.058477,-0.883978,-0.928137,0.171007,0.768911
39,0.108333,,,,,,,,-0.020862,-0.463659,0.058888,-0.883808,-0.928244,0.170855,0.768817
40,0.111111,,,,,,,,-0.020901,-0.463398,0.058461,-0.883973,-0.928142,0.170991,0.768907
41,0.113889,,,,,,,,-0.020901,-0.463398,0.058465,-0.883973,-0.928135,0.170995,0.768911
42,0.116667,,,,,,,,-0.020898,-0.463389,0.058441,-0.883979,-0.928138,0.171003,0.768917
43,0.119444,,,,,,,,-0.020910,-0.463405,0.058473,-0.883968,-0.928133,0.171000,0.768919
44,0.122222,,,,,,,,-0.020898,-0.463396,0.058469,-0.883974,-0.928135,0.170995,0.768913
45,0.125000,,,,,,,,-0.020875,-0.463665,0.058886,-0.883805,-0.928248,0.170840,0.768824
46,0.127778,,,,,,,,-0.020840,-0.463684,0.058898,-0.883795,-0.928255,0.170830,0.768816
47,0.130556,,,,,,,,-0.020904,-0.463411,0.058499,-0.883963,-0.928143,0.170987,0.768909
48,0.133333,,,,,,,,-0.020910,-0.463384,0.058464,-0.883980,-0.928136,0.170992,0.768914
49,0.136111,,,,,,,,-0.020861,-0.463692,0.058877,-0.883792,-0.928245,0.170844,0.768819
50,0.138889,,,,,,,,-0.020859,-0.463677,0.058894,-0.883799,-0.928249,0.170825,0.768811
51,0.141667,,,,,,,,-0.020901,-0.463388,0.058451,-0.883979,-0.928136,0.170993,0.768908
52,0.144444,,,,,,,,-0.020904,-0.463389,0.058457,-0.883978,-0.928134,0.170993,0.768911
53,0.147222,,,,,,,,-0.020868,-0.463673,0.058887,-0.883801,-0.928248,0.170843,0.768812
54,0.150000,,,,,,,,-0.020963,-0.463392,0.058428,-0.883977,-0.928145,0.171017,0.768906
55,0.152778,,,,,,,,-0.020875,-0.463657,0.058884,-0.883809,-0.928242,0.170854,0.768812
56,0.155556,,,,,,,,-0.020966,-0.463393,0.058424,-0.883976,-0.928143,0.171028,0.768893
57,0.158333,,,,,,,,-0.020906,-0.463394,0.058468,-0.883974,-0.928137,0.171010,0.768906
58,0.161111,,,,,,,,-0.020865,-0.463671,0.058866,-0.883803,-0.928241,0.170873,0.768814
59,0.163889,,,,,,,,-0.020866,-0.463683,0.058922,-0.883794,-0.928247,0.170859,0.768810
60,0.166667,,,,,,,,-0.020878,-0.463661,0.058906,-0.883806,-0.928245,0.170861,0.768817
61,0.169444,,,,,,,,-0.020932,-0.463391,0.058484,-0.883974,-0.928145,0.171001,0.768903
62,0.172222,,,,,,,,-0.020902,-0.463394,0.058448,-0.883976,-0.928131,0.171006,0.768909
63,0.175000,,,,,,,,-0.020913,-0.463395,0.058447,-0.883975,-0.928136,0.171005,0.768912
64,0.177778,,,,,,,,-0.020875,-0.463670,0.058870,-0.883803,-0.928233,0.170858,0.768818
65,0.180556,,,,,,,,-0.020926,-0.463400,0.058497,-0.883968,-0.928139,0.170992,0.768907
66,0.183333,,,,,,,,-0.020951,-0.463391,0.058388,-0.883980,-0.928139,0.171015,0.768907
67,0.186111,,,,,,,,-0.020932,-0.463663,0.058833,-0.883808,-0.928239,0.170886,0.768811
68,0.188889,,,,,,,,-0.020895,-0.463420,0.058479,-0.883960,-0.928148,0.170982,0.768911
69,0.191667,,,,,,,,-0.020906,-0.463385,0.058439,-0.883981,-0.928137,0.170988,0.768915
70,0.194444,,,,,,,,-0.020870,-0.463645,0.058893,-0.883815,-0.928238,0.170841,0.768824
71,0.197222,,,,,,,,-0.020882,-0.463673,0.058925,-0.883798,-0.928245,0.170846,0.768814
72,0.200000,,,,,,,,-0.020862,-0.463685,0.058908,-0.883794,-0.928243,0.170846,0.768815
73,0.202778,,,,,,,,-0.020919,-0.463402,0.058478,-0.883969,-0.928140,0.170989,0.768907
74,0.205556,,,,,,,,-0.020907,-0.463375,0.058433,-0.883987,-0.928135,0.170997,0.768915
75,0.208333,,,,,,,,-0.020918,-0.463368,0.058462,-0.883988,-0.928135,0.171009,0.768907
76,0.211111,,,,,,,,-0.020906,-0.463391,0.058466,-0.883976,-0.928137,0.171010,0.768910
77,0.213889,,,,,,,,-0.020951,-0.463393,0.058417,-0.883977,-0.928142,0.171039,0.768906
78,0.216667,,,,,,,,-0.020903,-0.463398,0.058463,-0.883973,-0.928137,0.171013,0.768909
79,0.219444,,,,,,,,-0.020964,-0.463375,0.058391,-0.883988,-0.928146,0.171039,0.768905
80,0.222222,,,,,,,,-0.020858,-0.463661,0.058873,-0.883808,-0.928234,0.170883,0.768813
81,0.225000,,,,,,,,,,,,,,
82,0.227778,,,,,,,,,,,,,,
83,0.230556,,,,,,,,-0.020890,-0.463411,0.058453,-0.883967,-0.928140,0.171012,0.768901
84,0.233333,,,,,,,,-0.020904,-0.463395,0.058437,-0.883976,-0.928137,0.171006,0.768915
85,0.236111,,,,,,,,-0.020937,-0.463374,0.058439,-0.883986,-0.928138,0.170997,0.768908
86,0.238889,,,,,,,,-0.020915,-0.463383,0.058450,-0.883981,-0.928138,0.170991,0.768911
87,0.241667,,,,,,,,-0.020872,-0.463653,0.058909,-0.883810,-0.928241,0.170851,0.768818
88,0.244444,,,,,,,,-0.020917,-0.463407,0.058483,-0.883966,-0.928145,0.170984,0.768909
89,0.247222,,,,,,,,-0.020876,-0.463652,0.058855,-0.883814,-0.928243,0.170840,0.768819
90,0.250000,,,,,,,,-0.020894,-0.463418,0.058467,-0.883962,-0.928148,0.170978,0.768908
91,0.252778,,,,,,,,-0.020908,-0.463384,0.058439,-0.883981,-0.928140,0.170990,0.768917
92,0.255556,,,,,,,,-0.020908,-0.463393,0.058456,-0.883976,-0.928135,0.170992,0.768910
93,0.258333,,,,,,,,-0.020947,-0.463378,0.058384,-0.883987,-0.928142,0.171020,0.768914
94,0.261111,,,,,,,,-0.020910,-0.463394,0.058456,-0.883975,-0.928142,0.171001,0.768917
95,0.263889,,,,,,,,-0.020909,-0.463384,0.058464,-0.883980,-0.928139,0.171000,0.768915
96,0.266667,,,,,,,,-0.020919,-0.463376,0.058452,-0.883985,-0.928146,0.171001,0.768912
97,0.269444,,,,,,,,-0.020893,-0.463632,0.058873,-0.883823,-0.928236,0.170860,0.768818
98,0.272222,,,,,,,,-0.020860,-0.463685,0.058907,-0.883794,-0.928247,0.170855,0.768817
99,0.275000,,,,,,,,-0.020873,-0.463673,0.058893,-0.883801,-0.928246,0.170862,0.768811
100,0.277778,,,,,,,,-0.020897,-0.463692,0.058829,-0.883795,-0.928257,0.170881,0.768810
101,0.280556,,,,,,,,-0.020939,-0.463420,0.058423,-0.883963,-0.928156,0.171015,0.768895
102,0.283333,,,,,,,,-0.020889,-0.463403,0.058426,-0.883973,-0.928136,0.171011,0.768903
103,0.286111,,,,,,,,-0.020913,-0.463387,0.058443,-0.883980,-0.928133,0.171002,0.768905
104,0.288889,,,,,,,,-0.020944,-0.463382,0.058394,-0.883985,-0.928134,0.171022,0.768903
105,0.291667,,,,,,,,-0.020893,-0.463404,0.058433,-0.883972,-0.928136,0.170999,0.768910
106,0.294444,,,,,,,,-0.020871,-0.463648,0.058849,-0.883816,-0.928239,0.170863,0.768822
107,0.297222,,,,,,,,-0.020951,-0.463424,0.058442,-0.883960,-0.928148,0.171009,0.768897
108,0.300000,,,,,,,,-0.020935,-0.463376,0.058440,-0.883985,-0.928135,0.170995,0.768910
109,0.302778,,,,,,,,-0.020922,-0.463387,0.058448,-0.883979,-0.928131,0.170995,0.768915
110,0.305556,,,,,,,,-0.020888,-0.463393,0.058424,-0.883978,-0.928138,0.170991,0.768912
111,0.308333,,,,,,,,-0.020875,-0.463640,0.058882,-0.883819,-0.928235,0.170856,0.768816
112,0.311111,,,,,,,,-0.020936,-0.463413,0.058441,-0.883965,-0.928147,0.170999,0.768895
113,0.313889,,,,,,,,-0.020911,-0.463385,0.058444,-0.883980,-0.928133,0.171002,0.768910
114,0.316667,,,,,,,,-0.020949,-0.463382,0.058395,-0.883984,-0.928130,0.171030,0.768908
115,0.319444,,,,,,,,-0.020909,-0.463380,0.058439,-0.883983,-0.928139,0.171013,0.768914
116,0.322222,,,,,,,,-0.020907,-0.463390,0.058427,-0.883979,-0.928133,0.171012,0.768917
117,0.325000,,,,,,,,-0.020930,-0.463385,0.058382,-0.883984,-0.928142,0.171028,0.768909
118,0.327778,,,,,,,,-0.020628,-0.463498,0.058296,-0.883937,-0.928180,0.170918,0.768874
119,0.330556,,,,,,,,-0.020858,-0.463410,0.058430,-0.883970,-0.928147,0.170990,0.768905
120,0.333333,,,,,,,,-0.020906,-0.463383,0.058448,-0.883981,-0.928135,0.171014,0.768919
121,0.336111,,,,,,,,-0.020922,-0.463382,0.058404,-0.883985,-0.928138,0.171005,0.768913
122,0.338889,,,,,,,,-0.020915,-0.463372,0.058436,-0.883987,-0.928137,0.171001,0.768910
123,0.341667,,,,,,,,-0.020913,-0.463383,0.058454,-0.883981,-0.928137,0.171002,0.768905
124,0.344444,,,,,,,,-0.020918,-0.463392,0.058464,-0.883975,-0.928139,0.171002,0.768909
125,0.347222,,,,,,,,-0.020915,-0.463383,0.058446,-0.883981,-0.928127,0.170991,0.768909
126,0.350000,,,,,,,,-0.020879,-0.463657,0.058858,-0.883811,-0.928228,0.170861,0.768820
127,0.352778,,,,,,,,-0.020891,-0.463420,0.058495,-0.883959,-0.928150,0.170977,0.768900
128,0.355556,,,,,,,,-0.020904,-0.463378,0.058416,-0.883986,-0.928134,0.171003,0.768910
129,0.358333,,,,,,,,-0.020941,-0.463385,0.058380,-0.883984,-0.928137,0.171021,0.768901
130,0.361111,,,,,,,,-0.020925,-0.463382,0.058427,-0.883983,-0.928135,0.171002,0.768912
131,0.363889,,,,,,,,-0.020854,-0.463647,0.058847,-0.883818,-0.928234,0.170863,0.768822
132,0.366667,,,,,,,,-0.020893,-0.463429,0.058500,-0.883954,-0.928146,0.170985,0.768896
133,0.369444,,,,,,,,-0.020911,-0.463380,0.058439,-0.883983,-0.928137,0.171004,0.768913
134,0.372222,,,,,,,,-0.020889,-0.463405,0.058438,-0.883971,-0.928143,0.170998,0.768915
135,0.375000,,,,,,,,-0.020928,-0.463385,0.058453,-0.883979,-0.928137,0.171006,0.768916
136,0.377778,,,,,,,,-0.020902,-0.463394,0.058443,-0.883976,-0.928142,0.171003,0.768913
137,0.380556,,,,,,,,-0.020870,-0.463635,0.058841,-0.883824,-0.928234,0.170863,0.768817
138,0.383333,,,,,,,,-0.020895,-0.463440,0.058500,-0.883949,-0.928156,0.170979,0.768897
139,0.386111,,,,,,,,-0.020881,-0.463395,0.058441,-0.883976,-0.928135,0.171001,0.768913
140,0.388889,,,,,,,,-0.020913,-0.463388,0.058451,-0.883978,-0.928138,0.170998,0.768910
141,0.391667,,,,,,,,-0.020918,-0.463386,0.058457,-0.883979,-0.928133,0.171007,0.768916
142,0.394444,,,,,,,,-0.020855,-0.463644,0.058836,-0.883820,-0.928228,0.170874,0.768832
143,0.397222,,,,,,,,-0.020905,-0.463418,0.058505,-0.883959,-0.928146,0.170979,0.768892
144,0.400000,,,,,,,,-0.020911,-0.463393,0.058454,-0.883976,-0.928133,0.171002,0.768910
145,0.402778,,,,,,,,-0.020894,-0.463395,0.058450,-0.883975,-0.928133,0.171002,0.768909
146,0.405556,,,,,,,,-0.020956,-0.463392,0.058412,-0.883978,-0.928137,0.171022,0.768903
147,0.408333,,,,,,,,-0.020909,-0.463391,0.058429,-0.883978,-0.928138,0.171003,0.768909
148,0.411111,,,,,,,,-0.020884,-0.463637,0.058841,-0.883822,-0.928234,0.170861,0.768823
149,0.413889,,,,,,,,-0.020868,-0.463689,0.058911,-0.883791,-0.928248,0.170841,0.768806
150,0.416667,,,,,,,,-0.020906,-0.463428,0.058513,-0.883954,-0.928149,0.170986,0.768895
151,0.419444,,,,,,,,-0.020898,-0.463387,0.058443,-0.883980,-0.928132,0.170999,0.768909
152,0.422222,,,,,,,,-0.020906,-0.463387,0.058447,-0.883979,-0.928137,0.171000,0.768905
153,0.425000,,,,,,,,-0.020871,-0.463656,0.058826,-0.883814,-0.928238,0.170872,0.768826
154,0.427778,,,,,,,,-0.020870,-0.463680,0.058905,-0.883796,-0.928247,0.170852,0.768806
155,0.430556,,,,,,,,-0.020895,-0.463435,0.058522,-0.883949,-0.928156,0.170977,0.768895
156,0.433333,,,,,,,,-0.020891,-0.463402,0.058447,-0.883972,-0.928137,0.171000,0.768909
157,0.436111,,,,,,,,-0.020897,-0.463403,0.058436,-0.883972,-0.928141,0.170995,0.768908
158,0.438889,,,,,,,,-0.020922,-0.463373,0.058461,-0.883985,-0.928132,0.171008,0.768911
159,0.441667,,,,,,,,-0.020909,-0.463385,0.058440,-0.883981,-0.928136,0.171011,0.768910
160,0.444444,,,,,,,,-0.020905,-0.463650,0.058769,-0.883820,-0.928237,0.170908,0.768825
161,0.447222,,,,,,,,-0.020919,-0.463417,0.058511,-0.883959,-0.928152,0.170988,0.768898
162,0.450000,,,,,,,,-0.020881,-0.463627,0.058843,-0.883828,-0.928230,0.170872,0.768824
163,0.452778,,,,,,,,-0.020907,-0.463412,0.058510,-0.883962,-0.928153,0.170976,0.768899
164,0.455556,,,,,,,,-0.020892,-0.463400,0.058445,-0.883973,-0.928142,0.170991,0.768914
165,0.458333,,,,,,,,-0.020932,-0.463364,0.058436,-0.883991,-0.928130,0.171000,0.768916
166,0.461111,,,,,,,,-0.020781,-0.463194,0.058438,-0.884084,-0.928010,0.170787,0.768782
167,0.463889,,,,,,,,-0.020876,-0.463339,0.058453,-0.884005,-0.928112,0.170958,0.768891
168,0.466667,,,,,,,,-0.020898,-0.463388,0.058447,-0.883979,-0.928143,0.170987,0.768919
169,0.469444,,,,,,,,-0.020909,-0.463642,0.058765,-0.883824,-0.928234,0.170896,0.768824
170,0.472222,,,,,,,,-0.020883,-0.463668,0.058901,-0.883802,-0.928248,0.170844,0.768806
171,0.475000,,,,,,,,-0.020897,-0.463440,0.058522,-0.883947,-0.928155,0.170968,0.768893
172,0.477778,,,,,,,,-0.020930,-0.463400,0.058406,-0.883974,-0.928138,0.171020,0.768905
173,0.480556,,,,,,,,-0.020769,-0.463215,0.058410,-0.884075,-0.928014,0.170798,0.768775
174,0.483333,,,,,,,,-0.020916,-0.463336,0.058374,-0.884011,-0.928115,0.170992,0.768878
175,0.486111,,,,,,,,-0.020907,-0.463389,0.058421,-0.883980,-0.928135,0.171019,0.768906
176,0.488889,,,,,,,,-0.020898,-0.463383,0.058450,-0.883981,-0.928129,0.171010,0.768904
177,0.491667,,,,,,,,-0.020899,-0.463393,0.058456,-0.883976,-0.928135,0.171011,0.768905
178,0.494444,,,,,,,,-0.020912,-0.463389,0.058449,-0.883978,-0.928134,0.171011,0.768907
179,0.497222,,,,,,,,-0.020941,-0.463381,0.058403,-0.883985,-0.928140,0.171025,0.768899
180,0.500000,,,,,,,,-0.020898,-0.463397,0.058413,-0.883977,-0.928133,0.171016,0.768907
181,0.502778,,,,,,,,-0.020892,-0.463388,0.058425,-0.883981,-0.928131,0.171015,0.768916
182,0.505556,,,,,,,,-0.020904,-0.463385,0.058440,-0.883981,-0.928135,0.171008,0.768909
183,0.508333,,,,,,,,-0.020894,-0.463391,0.058460,-0.883977,-0.928138,0.171001,0.768906
184,0.511111,,,,,,,,-0.020953,-0.463377,0.058421,-0.883985,-0.928133,0.171026,0.768904
185,0.513889,,,,,,,,-0.020913,-0.463388,0.058444,-0.883979,-0.928135,0.171006,0.768913
186,0.516667,,,,,,,,-0.020867,-0.463625,0.058826,-0.883830,-0.928228,0.170873,0.768826
187,0.519444,,,,,,,,-0.020911,-0.463437,0.058547,-0.883946,-0.928152,0.170965,0.768889
188,0.522222,,,,,,,,-0.020903,-0.463394,0.058451,-0.883975,-0.928135,0.170988,0.768910
189,0.525000,,,,,,,,-0.020944,-0.463388,0.058395,-0.883981,-0.928137,0.171015,0.768912
190,0.527778,,,,,,,,-0.020907,-0.463390,0.058445,-0.883978,-0.928140,0.171002,0.768911
191,0.530556,,,,,,,,-0.020937,-0.463389,0.058393,-0.883981,-0.928138,0.171016,0.768901
192,0.533333,,,,,,,,-0.020886,-0.463624,0.058797,-0.883832,-0.928226,0.170879,0.768832
193,0.536111,,,,,,,,-0.020893,-0.463434,0.058514,-0.883951,-0.928157,0.170977,0.768892
194,0.538889,,,,,,,,-0.020916,-0.463374,0.058445,-0.883986,-0.928136,0.171011,0.768908
195,0.541667,,,,,,,,-0.020947,-0.463386,0.058406,-0.883982,-0.928141,0.171037,0.768903
196,0.544444,,,,,,,,-0.020900,-0.463395,0.058418,-0.883977,-0.928141,0.171010,0.768900
197,0.547222,,,,,,,,-0.020847,-0.463652,0.058800,-0.883819,-0.928232,0.170881,0.768820
198,0.550000,,,,,,,,-0.020888,-0.463452,0.058540,-0.883940,-0.928149,0.170992,0.768886
199,0.552778,,,,,,,,-0.020908,-0.463392,0.058439,-0.883977,-0.928138,0.171012,0.768908
200,0.555556,,,,,,,,-0.020896,-0.463393,0.058443,-0.883977,-0.928138,0.171010,0.768901
201,0.558333,,,,,,,,-0.020944,-0.463399,0.058386,-0.883976,-0.928135,0.171034,0.768903
202,0.561111,,,,,,,,-0.020917,-0.463383,0.058436,-0.883982,-0.928133,0.171009,0.768903
203,0.563889,,,,,,,,-0.020909,-0.463386,0.058423,-0.883981,-0.928135,0.171004,0.768913
204,0.566667,,,,,,,,-0.020889,-0.463398,0.058438,-0.883975,-0.928138,0.170997,0.768908
205,0.569444,,,,,,,,-0.020909,-0.463389,0.058437,-0.883978,-0.928144,0.170992,0.768903
206,0.572222,,,,,,,,-0.020910,-0.463382,0.058435,-0.883982,-0.928139,0.170994,0.768901
207,0.575000,,,,,,,,-0.020906,-0.463393,0.058447,-0.883976,-0.928133,0.171002,0.768907
208,0.577778,,,,,,,,-0.020919,-0.463379,0.058454,-0.883983,-0.928134,0.171003,0.768907
209,0.580556,,,,,,,,-0.020951,-0.463387,0.058402,-0.883981,-0.928135,0.171023,0.768908
210,0.583333,,,,,,,,-0.020912,-0.463386,0.058422,-0.883982,-0.928133,0.171006,0.768908
211,0.586111,,,,,,,,-0.020905,-0.463390,0.058441,-0.883978,-0.928139,0.171004,0.768915
212,0.588889,,,,,,,,-0.020938,-0.463386,0.058419,-0.883981,-0.928140,0.171031,0.768913
213,0.591667,,,,,,,,-0.020891,-0.463619,0.058829,-0.883833,-0.928229,0.170893,0.768828
214,0.594444,,,,,,,,-0.020895,-0.463429,0.058527,-0.883952,-0.928161,0.170976,0.768891
215,0.597222,,,,,,,,-0.020911,-0.463385,0.058452,-0.883980,-0.928138,0.171006,0.768911
216,0.600000,,,,,,,,-0.020929,-0.463406,0.058391,-0.883973,-0.928146,0.171022,0.768903
217,0.602778,,,,,,,,-0.020897,-0.463403,0.058438,-0.883972,-0.928140,0.171003,0.768906
218,0.605556,,,,,,,,-0.020895,-0.463388,0.058424,-0.883981,-0.928135,0.171009,0.768907
219,0.608333,,,,,,,,-0.020898,-0.463399,0.058433,-0.883974,-0.928138,0.171005,0.768909
220,0.611111,,,,,,,,-0.020892,-0.463389,0.058423,-0.883980,-0.928133,0.171002,0.768910
221,0.613889,,,,,,,,-0.020953,-0.463384,0.058399,-0.883983,-0.928142,0.171021,0.768897
222,0.616667,,,,,,,,-0.020899,-0.463622,0.058810,-0.883832,-0.928224,0.170887,0.768821
223,0.619444,,,,,,,,-0.020915,-0.463447,0.058533,-0.883942,-0.928156,0.170968,0.768881
224,0.622222,,,,,,,,-0.020861,-0.463630,0.058809,-0.883829,-0.928221,0.170876,0.768826
225,0.625000,,,,,,,,-0.020898,-0.463442,0.058530,-0.883945,-0.928159,0.170972,0.768885
226,0.627778,,,,,,,,-0.020896,-0.463392,0.058435,-0.883978,-0.928133,0.171007,0.768907
227,0.630556,,,,,,,,-0.020863,-0.463624,0.058796,-0.883833,-0.928221,0.170894,0.768829
228,0.633333,,,,,,,,-0.020886,-0.463459,0.058542,-0.883936,-0.928162,0.170975,0.768886
229,0.636111,,,,,,,,-0.020945,-0.463401,0.058407,-0.883974,-0.928133,0.171033,0.768906
230,0.638889,,,,,,,,-0.020906,-0.463401,0.058435,-0.883973,-0.928136,0.171019,0.768909
231,0.641667,,,,,,,,-0.020910,-0.463396,0.058456,-0.883974,-0.928137,0.171002,0.768910
232,0.644444,,,,,,,,-0.020934,-0.463396,0.058398,-0.883977,-0.928142,0.171019,0.768903
233,0.647222,,,,,,,,-0.020936,-0.463401,0.058382,-0.883976,-0.928137,0.171027,0.768901
234,0.650000,,,,,,,,-0.020902,-0.463395,0.058422,-0.883977,-0.928135,0.171006,0.768912
235,0.652778,,,,,,,,-0.020882,-0.463397,0.058414,-0.883977,-0.928136,0.171003,0.768909
236,0.655556,,,,,,,,-0.020896,-0.463394,0.058416,-0.883978,-0.928134,0.171004,0.768910
237,0.658333,,,,,,,,-0.020883,-0.463601,0.058775,-0.883846,-0.928229,0.170884,0.768831
238,0.661111,,,,,,,,-0.020870,-0.463678,0.058889,-0.883798,-0.928246,0.170851,0.768804
239,0.663889,,,,,,,,-0.020856,-0.463683,0.058899,-0.883795,-0.928244,0.170852,0.768809
240,0.666667,,,,,,,,-0.020888,-0.463470,0.058568,-0.883929,-0.928158,0.170967,0.768883
241,0.669444,,,,,,,,-0.020898,-0.463388,0.058447,-0.883979,-0.928134,0.171002,0.768905
242,0.672222,,,,,,,,-0.020922,-0.463375,0.058442,-0.883985,-0.928141,0.171000,0.768906
243,0.675000,,,,,,,,-0.020866,-0.463608,0.058777,-0.883843,-0.928222,0.170882,0.768825
244,0.677778,,,,,,,,-0.020863,-0.463677,0.058891,-0.883799,-0.928247,0.170864,0.768803
245,0.680556,,,,,,,,-0.020891,-0.463454,0.058526,-0.883939,-0.928161,0.170969,0.768883
246,0.683333,,,,,,,,-0.020921,-0.463401,0.058389,-0.883976,-0.928134,0.171024,0.768902
247,0.686111,,,,,,,,-0.020897,-0.463393,0.058414,-0.883978,-0.928133,0.171009,0.768906
248,0.688889,,,,,,,,-0.020933,-0.463393,0.058400,-0.883978,-0.928133,0.171035,0.768901
249,0.691667,,,,,,,,-0.020917,-0.463401,0.058433,-0.883973,-0.928132,0.171018,0.768901
250,0.694444,,,,,,,,-0.020868,-0.463615,0.058789,-0.883838,-0.928217,0.170889,0.768830
251,0.697222,,,,,,,,-0.020903,-0.463448,0.058552,-0.883941,-0.928164,0.170978,0.768889
252,0.700000,,,,,,,,-0.020942,-0.463380,0.058386,-0.883986,-0.928137,0.171031,0.768905
253,0.702778,,,,,,,,-0.020911,-0.463384,0.058427,-0.883982,-0.928139,0.171011,0.768907
254,0.705556,,,,,,,,-0.020919,-0.463370,0.058464,-0.883987,-0.928138,0.171003,0.768916
255,0.708333,,,,,,,,-0.020907,-0.463378,0.058440,-0.883984,-0.928133,0.171004,0.768913
256,0.711111,,,,,,,,-0.020944,-0.463392,0.058395,-0.883979,-0.928132,0.171025,0.768904
257,0.713889,,,,,,,,-0.020932,-0.463379,0.058425,-0.883984,-0.928134,0.171006,0.768908
258,0.716667,,,,,,,,-0.020908,-0.463375,0.058437,-0.883986,-0.928133,0.171000,0.768907
259,0.719444,,,,,,,,-0.020889,-0.463385,0.058444,-0.883981,-0.928133,0.171005,0.768903
260,0.722222,,,,,,,,-0.020905,-0.463612,0.058744,-0.883842,-0.928225,0.170910,0.768828
261,0.725000,,,,,,,,-0.020908,-0.463464,0.058545,-0.883932,-0.928166,0.170970,0.768879
262,0.727778,,,,,,,,-0.020911,-0.463391,0.058444,-0.883977,-0.928133,0.171006,0.768906
263,0.730556,,,,,,,,-0.020917,-0.463387,0.058444,-0.883979,-0.928131,0.170999,0.768910
264,0.733333,,,,,,,,-0.020772,-0.463223,0.058418,-0.884070,-0.928026,0.170822,0.768787
265,0.736111,,,,,,,,-0.020857,-0.463340,0.058449,-0.884005,-0.928102,0.170940,0.768867
266,0.738889,,,,,,,,-0.020908,-0.463383,0.058445,-0.883981,-0.928139,0.171006,0.768905
267,0.741667,,,,,,,,-0.020900,-0.463397,0.058432,-0.883975,-0.928139,0.171008,0.768906
268,0.744444,,,,,,,,-0.020911,-0.463387,0.058435,-0.883980,-0.928136,0.171008,0.768901
269,0.747222,,,,,,,,-0.020906,-0.463384,0.058420,-0.883982,-0.928137,0.170999,0.768908
270,0.750000,,,,,,,,-0.020907,-0.463396,0.058428,-0.883976,-0.928140,0.171004,0.768909
271,0.752778,,,,,,,,-0.020895,-0.463397,0.058429,-0.883976,-0.928138,0.171009,0.768902
272,0.755556,,,,,,,,-0.020899,-0.463392,0.058445,-0.883977,-0.928133,0.171013,0.768909
273,0.758333,,,,,,,,-0.020889,-0.463393,0.058440,-0.883977,-0.928134,0.171006,0.768906
274,0.761111,,,,,,,,-0.020903,-0.463382,0.058454,-0.883982,-0.928136,0.171004,0.768908
275,0.763889,,,,,,,,-0.020935,-0.463392,0.058410,-0.883979,-0.928137,0.171032,0.768908
276,0.766667,,,,,,,,-0.020906,-0.463411,0.058418,-0.883969,-0.928133,0.171018,0.768910
277,0.769444,,,,,,,,-0.020947,-0.463379,0.058396,-0.883986,-0.928131,0.171030,0.768906
278,0.772222,,,,,,,,-0.020901,-0.463392,0.058429,-0.883978,-0.928133,0.171014,0.768905
279,0.775000,,,,,,,,-0.020912,-0.463602,0.058748,-0.883846,-0.928214,0.170918,0.768828
280,0.777778,,,,,,,,-0.020887,-0.463675,0.058909,-0.883798,-0.928250,0.170851,0.768804
281,0.780556,,,,,,,,-0.020904,-0.463477,0.058571,-0.883924,-0.928172,0.170954,0.768879
282,0.783333,,,,,,,,-0.020909,-0.463397,0.058453,-0.883973,-0.928140,0.170998,0.768904
283,0.786111,,,,,,,,-0.020961,-0.463367,0.058408,-0.883991,-0.928136,0.171025,0.768904
284,0.788889,,,,,,,,-0.020923,-0.463377,0.058438,-0.883985,-0.928135,0.171011,0.768905
285,0.791667,,,,,,,,-0.020908,-0.463377,0.058446,-0.883985,-0.928132,0.171002,0.768907
286,0.794444,,,,,,,,-0.020912,-0.463390,0.058455,-0.883977,-0.928132,0.171003,0.768906
287,0.797222,,,,,,,,-0.020917,-0.463390,0.058460,-0.883977,-0.928136,0.171009,0.768909
288,0.800000,,,,,,,,-0.020902,-0.463398,0.058450,-0.883974,-0.928132,0.171004,0.768905
289,0.802778,,,,,,,,-0.020906,-0.463384,0.058444,-0.883981,-0.928136,0.171003,0.768905
290,0.805556,,,,,,,,-0.020952,-0.463379,0.058408,-0.883985,-0.928142,0.171025,0.768902
291,0.808333,,,,,,,,-0.020953,-0.463385,0.058382,-0.883983,-0.928140,0.171030,0.768902
292,0.811111,,,,,,,,-0.020976,-0.463375,0.058402,-0.883987,-0.928140,0.171037,0.768900
293,0.813889,,,,,,,,-0.020936,-0.463386,0.058446,-0.883979,-0.928132,0.171028,0.768906
294,0.816667,,,,,,,,-0.020878,-0.463598,0.058777,-0.883847,-0.928213,0.170904,0.768836
295,0.819444,,,,,,,,-0.020890,-0.463472,0.058572,-0.883927,-0.928162,0.170966,0.768877
296,0.822222,,,,,,,,-0.020905,-0.463396,0.058462,-0.883974,-0.928129,0.171007,0.768906
297,0.825000,,,,,,,,-0.020906,-0.463385,0.058440,-0.883981,-0.928139,0.171005,0.768908
298,0.827778,,,,,,,,-0.020944,-0.463390,0.058395,-0.883980,-0.928144,0.171024,0.768899
299,0.830556,,,,,,,,-0.020907,-0.463598,0.058745,-0.883849,-0.928224,0.170905,0.768834
300,0.833333,,,,,,,,-0.020908,-0.463471,0.058548,-0.883929,-0.928178,0.170956,0.768878
301,0.836111,,,,,,,,-0.020912,-0.463383,0.058435,-0.883982,-0.928141,0.171003,0.768906
302,0.838889,,,,,,,,-0.020916,-0.463385,0.058436,-0.883981,-0.928138,0.170998,0.768909
303,0.841667,,,,,,,,-0.020904,-0.463387,0.058428,-0.883981,-0.928137,0.171000,0.768907
304,0.844444,,,,,,,,-0.020877,-0.463593,0.058775,-0.883850,-0.928217,0.170887,0.768836
305,0.847222,,,,,,,,-0.020920,-0.463460,0.058596,-0.883931,-0.928163,0.170963,0.768886
306,0.850000,,,,,,,,-0.020911,-0.463385,0.058451,-0.883980,-0.928134,0.171009,0.768913
307,0.852778,,,,,,,,-0.020912,-0.463388,0.058452,-0.883978,-0.928134,0.171010,0.768911
308,0.855556,,,,,,,,-0.020908,-0.463388,0.058439,-0.883979,-0.928131,0.171017,0.768910
309,0.858333,,,,,,,,-0.020893,-0.463384,0.058435,-0.883982,-0.928135,0.171011,0.768911
310,0.861111,,,,,,,,-0.020922,-0.463379,0.058434,-0.883984,-0.928134,0.171010,0.768909
311,0.863889,,,,,,,,-0.020905,-0.463383,0.058459,-0.883980,-0.928137,0.171005,0.768906
312,0.866667,,,,,,,,-0.020890,-0.463381,0.058431,-0.883984,-0.928136,0.170998,0.768906
313,0.869444,,,,,,,,-0.020901,-0.463390,0.058442,-0.883978,-0.928135,0.171005,0.768904
314,0.872222,,,,,,,,-0.020914,-0.463387,0.058456,-0.883979,-0.928142,0.171006,0.768903
315,0.875000,,,,,,,,-0.020928,-0.463377,0.058460,-0.883983,-0.928133,0.171007,0.768905
316,0.877778,,,,,,,,-0.020921,-0.463384,0.058450,-0.883981,-0.928134,0.171005,0.768905
317,0.880556,,,,,,,,-0.020910,-0.463389,0.058435,-0.883979,-0.928137,0.171005,0.768901
318,0.883333,,,,,,,,-0.020913,-0.463402,0.058374,-0.883976,-0.928136,0.171026,0.768901
319,0.886111,,,,,,,,-0.020885,-0.463610,0.058739,-0.883844,-0.928216,0.170905,0.768833
320,0.888889,,,,,,,,-0.020889,-0.463486,0.058574,-0.883920,-0.928174,0.170948,0.768877
321,0.891667,,,,,,,,-0.020896,-0.463393,0.058436,-0.883977,-0.928140,0.170998,0.768904
322,0.894444,,,,,,,,-0.020888,-0.463392,0.058431,-0.883978,-0.928134,0.170997,0.768902
323,0.897222,,,,,,,,-0.020927,-0.463388,0.058392,-0.883982,-0.928133,0.171024,0.768907
324,0.900000,,,,,,,,-0.020924,-0.463387,0.058424,-0.883981,-0.928134,0.171014,0.768906
325,0.902778,,,,,,,,-0.020899,-0.463396,0.058448,-0.883975,-0.928136,0.171000,0.768905
326,0.905556,,,,,,,,-0.020884,-0.463598,0.058772,-0.883847,-0.928219,0.170894,0.768841
327,0.908333,,,,,,,,-0.020782,-0.463328,0.058582,-0.884004,-0.928069,0.170786,0.768768
328,0.911111,,,,,,,,-0.020856,-0.463318,0.058451,-0.884016,-0.928090,0.170933,0.768860
329,0.913889,,,,,,,,-0.020883,-0.463586,0.058767,-0.883854,-0.928216,0.170902,0.768837
330,0.916667,,,,,,,,-0.020893,-0.463483,0.058581,-0.883921,-0.928173,0.170956,0.768878
331,0.919444,,,,,,,,-0.020904,-0.463384,0.058437,-0.883981,-0.928138,0.171002,0.768910
332,0.922222,,,,,,,,-0.020943,-0.463383,0.058407,-0.883983,-0.928139,0.171027,0.768904
333,0.925000,,,,,,,,-0.020920,-0.463397,0.058431,-0.883975,-0.928137,0.171018,0.768905
334,0.927778,,,,,,,,-0.020904,-0.463383,0.058422,-0.883983,-0.928136,0.171007,0.768910
335,0.930556,,,,,,,,-0.020903,-0.463384,0.058431,-0.883982,-0.928137,0.171006,0.768904
336,0.933333,,,,,,,,-0.020899,-0.463395,0.058434,-0.883976,-0.928133,0.171007,0.768904
337,0.936111,,,,,,,,-0.020895,-0.463404,0.058430,-0.883972,-0.928138,0.171001,0.768905
338,0.938889,,,,,,,,-0.020897,-0.463387,0.058432,-0.883980,-0.928135,0.170999,0.768904
339,0.941667,,,,,,,,-0.020901,-0.463383,0.058448,-0.883981,-0.928132,0.171006,0.768901
340,0.944444,,,,,,,,-0.020911,-0.463388,0.058458,-0.883978,-0.928137,0.171005,0.768900
341,0.947222,,,,,,,,-0.020906,-0.463382,0.058439,-0.883982,-0.928135,0.171005,0.768902
342,0.950000,,,,,,,,-0.020909,-0.463388,0.058444,-0.883979,-0.928133,0.171006,0.768907
343,0.952778,,,,,,,,-0.020906,-0.463391,0.058434,-0.883978,-0.928136,0.171005,0.768906
344,0.955556,,,,,,,,-0.020911,-0.463393,0.058436,-0.883977,-0.928138,0.171006,0.768904
345,0.958333,,,,,,,,-0.020895,-0.463395,0.058443,-0.883976,-0.928136,0.171007,0.768910
346,0.961111,,,,,,,,-0.020907,-0.463586,0.058728,-0.883856,-0.928213,0.170923,0.768836
347,0.963889,,,,,,,,-0.020920,-0.463483,0.058594,-0.883919,-0.928174,0.170967,0.768873
348,0.966667,,,,,,,,-0.020913,-0.463392,0.058471,-0.883975,-0.928135,0.171010,0.768909
349,0.969444,,,,,,,,-0.020927,-0.463376,0.058446,-0.883985,-0.928137,0.171008,0.768909
350,0.972222,,,,,,,,-0.020910,-0.463387,0.058436,-0.883980,-0.928138,0.171004,0.768911
351,0.975000,,,,,,,,-0.020899,-0.463399,0.058429,-0.883975,-0.928137,0.171011,0.768910
352,0.977778,,,,,,,,-0.020916,-0.463391,0.058438,-0.883977,-0.928135,0.171012,0.768911
353,0.980556,,,,,,,,-0.020919,-0.463385,0.058442,-0.883981,-0.928138,0.171009,0.768908
354,0.983333,,,,,,,,-0.020920,-0.463379,0.058449,-0.883983,-0.928137,0.171007,0.768910
355,0.986111,,,,,,,,-0.020931,-0.463367,0.058450,-0.883989,-0.928134,0.171005,0.768913
356,0.988889,,,,,,,,-0.020931,-0.463368,0.058445,-0.883989,-0.928136,0.171007,0.768908
357,0.991667,,,,,,,,-0.020927,-0.463364,0.058458,-0.883990,-0.928134,0.171009,0.768906
358,0.994444,,,,,,,,-0.020901,-0.463378,0.058450,-0.883984,-0.928130,0.171012,0.768909
359,0.997222,,,,,,,,-0.020910,-0.463379,0.058437,-0.883984,-0.928134,0.171012,0.768913
360,1.000000,,,,,,,,-0.020952,-0.463374,0.058404,-0.883988,-0.928137,0.171029,0.768904
361,1.002778,,,,,,,,-0.020922,-0.463387,0.058427,-0.883980,-0.928134,0.171022,0.768904
362,1.005556,,,,,,,,-0.020908,-0.463385,0.058457,-0.883980,-0.928129,0.171015,0.768901
363,1.008333,,,,,,,,-0.020945,-0.463375,0.058414,-0.883987,-0.928132,0.171028,0.768897
364,1.011111,,,,,,,,-0.020918,-0.463383,0.058424,-0.883983,-0.928133,0.171017,0.768904
365,1.013889,,,,,,,,-0.020901,-0.463385,0.058445,-0.883981,-0.928135,0.171007,0.768904
366,1.016667,,,,,,,,-0.020928,-0.463401,0.058399,-0.883975,-0.928143,0.171022,0.768899
367,1.019444,,,,,,,,-0.020923,-0.463390,0.058419,-0.883979,-0.928143,0.171018,0.768901
368,1.022222,,,,,,,,-0.020923,-0.463371,0.058452,-0.883987,-0.928136,0.171012,0.768905
369,1.025000,,,,,,,,-0.020912,-0.463392,0.058450,-0.883976,-0.928135,0.171008,0.768907
370,1.027778,,,,,,,,-0.020932,-0.463393,0.058410,-0.883978,-0.928137,0.171026,0.768907
371,1.030556,,,,,,,,-0.020916,-0.463387,0.058410,-0.883982,-0.928137,0.171017,0.768904
372,1.033333,,,,,,,,-0.020911,-0.463397,0.058444,-0.883974,-0.928134,0.171009,0.768908
373,1.036111,,,,,,,,-0.020917,-0.463392,0.058439,-0.883977,-0.928137,0.171005,0.768905
374,1.038889,,,,,,,,-0.020911,-0.463389,0.058444,-0.883978,-0.928138,0.171006,0.768905
375,1.041667,,,,,,,,-0.020922,-0.463377,0.058449,-0.883984,-0.928130,0.171012,0.768907
376,1.044444,,,,,,,,-0.020890,-0.463571,0.058731,-0.883864,-0.928211,0.170913,0.768844
377,1.047222,,,,,,,,-0.020922,-0.463490,0.058564,-0.883917,-0.928178,0.170973,0.768870
378,1.050000,,,,,,,,-0.020904,-0.463383,0.058414,-0.883983,-0.928137,0.171016,0.768911
379,1.052778,,,,,,,,-0.020932,-0.463383,0.058406,-0.883984,-0.928136,0.171029,0.768910
380,1.055556,,,,,,,,-0.020951,-0.463369,0.058439,-0.883988,-0.928127,0.171025,0.768912
381,1.058333,,,,,,,,-0.020917,-0.463383,0.058442,-0.883982,-0.928133,0.171006,0.768912
382,1.061111,,,,,,,,-0.020925,-0.463392,0.058413,-0.883978,-0.928137,0.171023,0.768905
383,1.063889,,,,,,,,-0.020927,-0.463376,0.058418,-0.883986,-0.928133,0.171021,0.768908
384,1.066667,,,,,,,,-0.020917,-0.463379,0.058449,-0.883983,-0.928137,0.171005,0.768908
385,1.069444,,,,,,,,-0.020920,-0.463381,0.058456,-0.883982,-0.928137,0.171004,0.768908
386,1.072222,,,,,,,,-0.020912,-0.463381,0.058426,-0.883984,-0.928135,0.171009,0.768905
387,1.075000,,,,,,,,-0.020923,-0.463379,0.058418,-0.883985,-0.928136,0.171009,0.768905
388,1.077778,,,,,,,,-0.020925,-0.463382,0.058433,-0.883982,-0.928133,0.171004,0.768904
389,1.080556,,,,,,,,-0.020906,-0.463391,0.058454,-0.883977,-0.928136,0.171003,0.768906
390,1.083333,,,,,,,,-0.020905,-0.463390,0.058444,-0.883978,-0.928140,0.171003,0.768903
391,1.086111,,,,,,,,-0.020942,-0.463382,0.058407,-0.883984,-0.928140,0.171020,0.768898
392,1.088889,,,,,,,,-0.020958,-0.463379,0.058395,-0.883986,-0.928142,0.171031,0.768896
393,1.091667,,,,,,,,-0.020916,-0.463381,0.058431,-0.883983,-0.928139,0.171011,0.768900
394,1.094444,,,,,,,,-0.020924,-0.463385,0.058424,-0.883982,-0.928141,0.171019,0.768903
395,1.097222,,,,,,,,-0.020915,-0.463382,0.058415,-0.883984,-0.928143,0.171008,0.768908
396,1.100000,,,,,,,,-0.020914,-0.463378,0.058456,-0.883983,-0.928136,0.171006,0.768913
397,1.102778,,,,,,,,-0.020925,-0.463378,0.058458,-0.883983,-0.928131,0.171006,0.768909
398,1.105556,,,,,,,,-0.020887,-0.463568,0.058732,-0.883866,-0.928200,0.170908,0.768842
399,1.108333,,,,,,,,-0.020880,-0.463505,0.058609,-0.883907,-0.928174,0.170951,0.768870
400,1.111111,,,,,,,,-0.020896,-0.463392,0.058443,-0.883977,-0.928139,0.171007,0.768910
401,1.113889,,,,,,,,-0.020925,-0.463370,0.058449,-0.883988,-0.928142,0.171001,0.768905
402,1.116667,,,,,,,,-0.020905,-0.463553,0.058748,-0.883872,-0.928203,0.170909,0.768845
403,1.119444,,,,,,,,-0.020904,-0.463488,0.058617,-0.883915,-0.928173,0.170949,0.768867
404,1.122222,,,,,,,,-0.020912,-0.463371,0.058417,-0.883990,-0.928136,0.171003,0.768903
405,1.125000,,,,,,,,-0.020905,-0.463385,0.058417,-0.883983,-0.928135,0.171005,0.768906
406,1.127778,,,,,,,,-0.020918,-0.463383,0.058431,-0.883982,-0.928136,0.171010,0.768903
407,1.130556,,,,,,,,-0.020952,-0.463377,0.058406,-0.883986,-0.928137,0.171024,0.768898
408,1.133333,,,,,,,,-0.020910,-0.463555,0.058687,-0.883875,-0.928206,0.170923,0.768841
409,1.136111,,,,,,,,-0.020893,-0.463492,0.058615,-0.883914,-0.928183,0.170948,0.768866
410,1.138889,,,,,,,,-0.020943,-0.463386,0.058422,-0.883981,-0.928137,0.171028,0.768902
411,1.141667,,,,,,,,-0.020901,-0.463565,0.058706,-0.883869,-0.928205,0.170926,0.768842
412,1.144444,,,,,,,,-0.020865,-0.463677,0.058877,-0.883800,-0.928249,0.170857,0.768806
413,1.147222,,,,,,,,-0.020920,-0.463494,0.058570,-0.883915,-0.928180,0.170973,0.768862
414,1.150000,,,,,,,,-0.020923,-0.463384,0.058406,-0.883983,-0.928137,0.171023,0.768904
415,1.152778,,,,,,,,-0.020906,-0.463401,0.058434,-0.883973,-0.928139,0.171010,0.768905
416,1.155556,,,,,,,,-0.020899,-0.463398,0.058444,-0.883974,-0.928137,0.171005,0.768905
417,1.158333,,,,,,,,-0.020908,-0.463379,0.058451,-0.883983,-0.928138,0.171006,0.768906
418,1.161111,,,,,,,,-0.020900,-0.463383,0.058437,-0.883982,-0.928140,0.171003,0.768904
419,1.163889,,,,,,,,-0.020896,-0.463392,0.058425,-0.883979,-0.928137,0.171002,0.768907
420,1.166667,,,,,,,,-0.020930,-0.463392,0.058395,-0.883980,-0.928139,0.171022,0.768906
421,1.169444,,,,,,,,-0.020971,-0.463383,0.058386,-0.883984,-0.928140,0.171037,0.768903
422,1.172222,,,,,,,,-0.020913,-0.463558,0.058712,-0.883872,-0.928199,0.170927,0.768847
423,1.175000,,,,,,,,-0.020892,-0.463496,0.058630,-0.883911,-0.928174,0.170948,0.768872
424,1.177778,,,,,,,,-0.020891,-0.463391,0.058423,-0.883979,-0.928136,0.171007,0.768907
425,1.180556,,,,,,,,-0.020886,-0.463393,0.058406,-0.883979,-0.928141,0.171001,0.768906
426,1.183333,,,,,,,,-0.020896,-0.463390,0.058415,-0.883980,-0.928139,0.171002,0.768909
427,1.186111,,,,,,,,-0.020916,-0.463381,0.058438,-0.883983,-0.928138,0.171005,0.768908
428,1.188889,,,,,,,,-0.020921,-0.463375,0.058429,-0.883986,-0.928135,0.171005,0.768904
429,1.191667,,,,,,,,-0.020919,-0.463382,0.058441,-0.883982,-0.928134,0.171009,0.768903
430,1.194444,,,,,,,,-0.020919,-0.463379,0.058439,-0.883983,-0.928135,0.171008,0.768904
431,1.197222,,,,,,,,-0.020909,-0.463393,0.058436,-0.883977,-0.928137,0.171003,0.768908
432,1.200000,,,,,,,,-0.020909,-0.463388,0.058443,-0.883979,-0.928137,0.171000,0.768906
433,1.202778,,,,,,,,-0.020914,-0.463380,0.058445,-0.883983,-0.928135,0.171007,0.768902
434,1.205556,,,,,,,,-0.020906,-0.463398,0.058442,-0.883974,-0.928133,0.171009,0.768905
435,1.208333,,,,,,,,-0.020896,-0.463564,0.058720,-0.883869,-0.928200,0.170920,0.768848
436,1.211111,,,,,,,,-0.020874,-0.463675,0.058894,-0.883799,-0.928251,0.170853,0.768804
437,1.213889,,,,,,,,-0.020869,-0.463684,0.058890,-0.883795,-0.928251,0.170846,0.768803
438,1.216667,,,,,,,,-0.020898,-0.463490,0.058606,-0.883915,-0.928185,0.170938,0.768867
439,1.219444,,,,,,,,-0.020908,-0.463371,0.058410,-0.883990,-0.928137,0.171006,0.768908
440,1.222222,,,,,,,,-0.020907,-0.463390,0.058431,-0.883979,-0.928138,0.171004,0.768905
441,1.225000,,,,,,,,-0.020907,-0.463402,0.058431,-0.883973,-0.928136,0.171000,0.768906
442,1.227778,,,,,,,,-0.020908,-0.463390,0.058432,-0.883979,-0.928137,0.170998,0.768908
443,1.230556,,,,,,,,-0.020906,-0.463385,0.058441,-0.883981,-0.928142,0.170999,0.768904
444,1.233333,,,,,,,,-0.020933,-0.463387,0.058424,-0.883980,-0.928140,0.171017,0.768897
445,1.236111,,,,,,,,-0.020890,-0.463559,0.058700,-0.883873,-0.928203,0.170924,0.768842
446,1.238889,,,,,,,,-0.020883,-0.463508,0.058624,-0.883905,-0.928187,0.170939,0.768866
447,1.241667,,,,,,,,-0.020907,-0.463383,0.058431,-0.883983,-0.928139,0.171003,0.768906
448,1.244444,,,,,,,,-0.020909,-0.463383,0.058434,-0.883982,-0.928138,0.171003,0.768908
449,1.247222,,,,,,,,-0.020913,-0.463382,0.058431,-0.883983,-0.928138,0.171001,0.768908
450,1.250000,,,,,,,,-0.020905,-0.463389,0.058436,-0.883979,-0.928138,0.171003,0.768906
451,1.252778,,,,,,,,-0.020896,-0.463393,0.058445,-0.883977,-0.928137,0.171005,0.768908
452,1.255556,,,,,,,,-0.020905,-0.463386,0.058460,-0.883979,-0.928135,0.171006,0.768909
453,1.258333,,,,,,,,-0.020901,-0.463390,0.058459,-0.883977,-0.928135,0.171003,0.768909
454,1.261111,,,,,,,,-0.020906,-0.463392,0.058439,-0.883977,-0.928137,0.171004,0.768910
455,1.263889,,,,,,,,-0.020910,-0.463395,0.058439,-0.883976,-0.928138,0.171006,0.768903
456,1.266667,,,,,,,,-0.020930,-0.463386,0.058422,-0.883981,-0.928140,0.171025,0.768899
457,1.269444,,,,,,,,-0.020930,-0.463356,0.058382,-0.883999,-0.928136,0.171046,0.768929
458,1.272222,,,,,,,,-0.020928,-0.463369,0.058380,-0.883993,-0.928133,0.171049,0.768919
459,1.275000,,,,,,,,-0.020934,-0.463384,0.058419,-0.883982,-0.928134,0.171021,0.768902
460,1.277778,,,,,,,,-0.020905,-0.463387,0.058424,-0.883981,-0.928139,0.171003,0.768907
461,1.280556,,,,,,,,-0.020892,-0.463385,0.058425,-0.883982,-0.928137,0.171008,0.768905
462,1.283333,,,,,,,,-0.020873,-0.463548,0.058686,-0.883880,-0.928201,0.170916,0.768847
463,1.286111,,,,,,,,-0.020906,-0.463511,0.058603,-0.883904,-0.928189,0.170949,0.768857
464,1.288889,,,,,,,,-0.020928,-0.463384,0.058403,-0.883983,-0.928136,0.171016,0.768901
465,1.291667,,,,,,,,-0.020918,-0.463370,0.058424,-0.883989,-0.928136,0.171004,0.768906
466,1.294444,,,,,,,,-0.020927,-0.463361,0.058433,-0.883993,-0.928135,0.171005,0.768907
467,1.297222,,,,,,,,-0.020928,-0.463377,0.058442,-0.883985,-0.928133,0.171005,0.768904
468,1.300000,,,,,,,,-0.020918,-0.463388,0.058454,-0.883978,-0.928137,0.171003,0.768906
469,1.302778,,,,,,,,-0.020933,-0.463396,0.058419,-0.883976,-0.928141,0.171012,0.768906
470,1.305556,,,,,,,,-0.020932,-0.463387,0.058405,-0.883981,-0.928144,0.171010,0.768905
471,1.308333,,,,,,,,-0.020915,-0.463389,0.058441,-0.883979,-0.928142,0.171000,0.768906
472,1.311111,,,,,,,,-0.020891,-0.463556,0.058714,-0.883873,-0.928202,0.170918,0.768851
473,1.313889,,,,,,,,-0.020886,-0.463519,0.058636,-0.883898,-0.928190,0.170937,0.768866
474,1.316667,,,,,,,,-0.020891,-0.463398,0.058425,-0.883975,-0.928138,0.171003,0.768909
475,1.319444,,,,,,,,-0.020923,-0.463391,0.058417,-0.883979,-0.928137,0.171021,0.768904
476,1.322222,,,,,,,,-0.020929,-0.463387,0.058420,-0.883981,-0.928140,0.171017,0.768904
477,1.325000,,,,,,,,-0.020907,-0.463394,0.058436,-0.883976,-0.928138,0.171004,0.768906
478,1.327778,,,,,,,,-0.020935,-0.463392,0.058399,-0.883979,-0.928137,0.171025,0.768903
479,1.330556,,,,,,,,-0.020936,-0.463382,0.058402,-0.883984,-0.928139,0.171024,0.768902
480,1.333333,,,,,,,,-0.020914,-0.463371,0.058438,-0.883988,-0.928136,0.171010,0.768907
481,1.336111,,,,,,,,-0.020939,-0.463379,0.058409,-0.883985,-0.928139,0.171019,0.768901
482,1.338889,,,,,,,,-0.020924,-0.463387,0.058395,-0.883982,-0.928142,0.171015,0.768902
483,1.341667,,,,,,,,-0.020938,-0.463371,0.058401,-0.883990,-0.928137,0.171025,0.768905
484,1.344444,,,,,,,,-0.020949,-0.463367,0.058430,-0.883990,-0.928138,0.171021,0.768904
485,1.347222,,,,,,,,-0.020934,-0.463369,0.058439,-0.883989,-0.928137,0.171002,0.768906
486,1.350000,,,,,,,,-0.020912,-0.463377,0.058434,-0.883985,-0.928136,0.171005,0.768905
487,1.352778,,,,,,,,-0.020903,-0.463375,0.058447,-0.883986,-0.928133,0.171009,0.768906
488,1.355556,,,,,,,,-0.020911,-0.463371,0.058447,-0.883987,-0.928136,0.171003,0.768905
489,1.358333,,,,,,,,-0.020905,-0.463380,0.058446,-0.883983,-0.928141,0.170999,0.768905
490,1.361111,,,,,,,,-0.020928,-0.463385,0.058427,-0.883981,-0.928141,0.171018,0.768905
491,1.363889,,,,,,,,-0.020918,-0.463391,0.058421,-0.883979,-0.928140,0.171017,0.768903
492,1.366667,,,,,,,,-0.020909,-0.463387,0.058436,-0.883980,-0.928138,0.171005,0.768903
493,1.369444,,,,,,,,-0.020902,-0.463396,0.058435,-0.883976,-0.928139,0.171010,0.768906
494,1.372222,,,,,,,,-0.020894,-0.463396,0.058420,-0.883977,-0.928138,0.171009,0.768905
495,1.375000,,,,,,,,-0.020901,-0.463391,0.058418,-0.883980,-0.928141,0.171003,0.768906
496,1.377778,,,,,,,,-0.020906,-0.463545,0.058637,-0.883884,-0.928201,0.170938,0.768853
497,1.380556,,,,,,,,-0.020918,-0.463516,0.058614,-0.883900,-0.928189,0.170947,0.768858
498,1.383333,,,,,,,,-0.020928,-0.463384,0.058389,-0.883984,-0.928137,0.171022,0.768904
499,1.386111,,,,,,,,-0.020906,-0.463394,0.058392,-0.883979,-0.928140,0.171017,0.768904
500,1.388889,,,,,,,,-0.020891,-0.463386,0.058439,-0.883981,-0.928142,0.170996,0.768901
501,1.391667,,,,,,,,-0.020897,-0.463383,0.058439,-0.883982,-0.928141,0.170994,0.768899
502,1.394444,,,,,,,,-0.020911,-0.463378,0.058432,-0.883985,-0.928138,0.171004,0.768908
503,1.397222,,,,,,,,-0.020912,-0.463378,0.058422,-0.883986,-0.928143,0.171001,0.768906
504,1.400000,,,,,,,,-0.020932,-0.463380,0.058397,-0.883986,-0.928142,0.171018,0.768903
505,1.402778,,,,,,,,-0.020943,-0.463370,0.058407,-0.883990,-0.928137,0.171021,0.768907
506,1.405556,,,,,,,,-0.020926,-0.463376,0.058399,-0.883988,-0.928135,0.171017,0.768902
507,1.408333,,,,,,,,-0.020930,-0.463386,0.058368,-0.883984,-0.928138,0.171034,0.768899
508,1.411111,,,,,,,,-0.020942,-0.463383,0.058377,-0.883985,-0.928143,0.171027,0.768903
509,1.413889,,,,,,,,-0.020950,-0.463377,0.058385,-0.883988,-0.928144,0.171024,0.768901
510,1.416667,,,,,,,,-0.020903,-0.463538,0.058651,-0.883887,-0.928203,0.170939,0.768847
511,1.419444,,,,,,,,-0.020909,-0.463515,0.058634,-0.883900,-0.928192,0.170950,0.768851
512,1.422222,,,,,,,,-0.020897,-0.463526,0.058650,-0.883893,-0.928197,0.170940,0.768847
513,1.425000,,,,,,,,-0.020860,-0.463534,0.058640,-0.883891,-0.928196,0.170926,0.768856
514,1.427778,,,,,,,,-0.020910,-0.463393,0.058391,-0.883980,-0.928144,0.171013,0.768905
515,1.430556,,,,,,,,-0.020945,-0.463393,0.058377,-0.883980,-0.928143,0.171036,0.768900
516,1.433333,,,,,,,,-0.020917,-0.463391,0.058400,-0.883980,-0.928139,0.171026,0.768901
517,1.436111,,,,,,,,-0.020896,-0.463386,0.058416,-0.883982,-0.928137,0.171009,0.768904
518,1.438889,,,,,,,,-0.020908,-0.463539,0.058638,-0.883887,-0.928199,0.170941,0.768850
519,1.441667,,,,,,,,-0.020909,-0.463530,0.058636,-0.883892,-0.928193,0.170945,0.768851
520,1.444444,,,,,,,,-0.020884,-0.463530,0.058664,-0.883891,-0.928192,0.170925,0.768850
521,1.447222,,,,,,,,-0.020881,-0.463523,0.058652,-0.883895,-0.928191,0.170922,0.768854
522,1.450000,,,,,,,,-0.020892,-0.463382,0.058412,-0.883984,-0.928138,0.171001,0.768902
523,1.452778,,,,,,,,-0.020890,-0.463383,0.058408,-0.883985,-0.928143,0.171001,0.768903
524,1.455556,,,,,,,,-0.020908,-0.463386,0.058421,-0.883982,-0.928137,0.171002,0.768905
525,1.458333,,,,,,,,-0.020931,-0.463386,0.058413,-0.883981,-0.928139,0.171019,0.768901
526,1.461111,,,,,,,,-0.020949,-0.463383,0.058398,-0.883984,-0.928145,0.171033,0.768896
527,1.463889,,,,,,,,-0.020932,-0.463384,0.058413,-0.883982,-0.928140,0.171019,0.768902
528,1.466667,,,,,,,,-0.020914,-0.463384,0.058433,-0.883981,-0.928140,0.171004,0.768909
529,1.469444,,,,,,,,-0.020907,-0.463382,0.058436,-0.883983,-0.928136,0.171004,0.768907
530,1.472222,,,,,,,,-0.020916,-0.463380,0.058443,-0.883983,-0.928137,0.171002,0.768903
531,1.475000,,,,,,,,-0.020927,-0.463380,0.058449,-0.883982,-0.928141,0.171006,0.768906
532,1.477778,,,,,,,,-0.020930,-0.463361,0.058418,-0.883994,-0.928136,0.171024,0.768928
533,1.480556,,,,,,,,-0.020930,-0.463356,0.058411,-0.883997,-0.928134,0.171023,0.768928
534,1.483333,,,,,,,,-0.020916,-0.463373,0.058441,-0.883987,-0.928136,0.171001,0.768905
535,1.486111,,,,,,,,-0.020883,-0.463526,0.058663,-0.883893,-0.928195,0.170919,0.768852
536,1.488889,,,,,,,,-0.020875,-0.463544,0.058667,-0.883883,-0.928194,0.170923,0.768854
537,1.491667,,,,,,,,-0.020904,-0.463399,0.058452,-0.883973,-0.928136,0.171003,0.768904
538,1.494444,,,,,,,,-0.020910,-0.463385,0.058454,-0.883980,-0.928137,0.171001,0.768903
539,1.497222,,,,,,,,-0.020912,-0.463381,0.058445,-0.883983,-0.928138,0.171001,0.768903
540,1.500000,,,,,,,,-0.020901,-0.463389,0.058438,-0.883979,-0.928134,0.171004,0.768900
541,1.502778,,,,,,,,-0.020897,-0.463398,0.058430,-0.883975,-0.928137,0.171004,0.768901
542,1.505556,,,,,,,,-0.020903,-0.463396,0.058416,-0.883977,-0.928144,0.171003,0.768902
543,1.508333,,,,,,,,-0.020907,-0.463386,0.058429,-0.883981,-0.928140,0.171009,0.768901
544,1.511111,,,,,,,,-0.020910,-0.463384,0.058438,-0.883981,-0.928137,0.171011,0.768904
545,1.513889,,,,,,,,-0.020903,-0.463379,0.058425,-0.883985,-0.928140,0.171011,0.768905
546,1.516667,,,,,,,,-0.020906,-0.463376,0.058438,-0.883986,-0.928136,0.171018,0.768905
547,1.519444,,,,,,,,-0.020903,-0.463384,0.058444,-0.883981,-0.928135,0.171017,0.768906
548,1.522222,,,,,,,,-0.020905,-0.463389,0.058445,-0.883978,-0.928137,0.171008,0.768904
549,1.525000,,,,,,,,-0.020921,-0.463390,0.058456,-0.883977,-0.928135,0.171007,0.768907
550,1.527778,,,,,,,,-0.020903,-0.463394,0.058436,-0.883976,-0.928140,0.171006,0.768910
551,1.530556,,,,,,,,-0.020892,-0.463393,0.058425,-0.883978,-0.928142,0.171000,0.768906
552,1.533333,,,,,,,,-0.020906,-0.463386,0.058430,-0.883981,-0.928137,0.170999,0.768904
553,1.536111,,,,,,,,-0.020895,-0.463387,0.058421,-0.883981,-0.928133,0.171002,0.768903
554,1.538889,,,,,,,,-0.020894,-0.463386,0.058418,-0.883982,-0.928137,0.171004,0.768902
555,1.541667,,,,,,,,-0.020914,-0.463387,0.058431,-0.883980,-0.928140,0.171004,0.768906
556,1.544444,,,,,,,,-0.020919,-0.463394,0.058443,-0.883976,-0.928139,0.171003,0.768908
557,1.547222,,,,,,,,-0.020912,-0.463387,0.058441,-0.883979,-0.928140,0.171003,0.768907
558,1.550000,,,,,,,,-0.020912,-0.463396,0.058397,-0.883978,-0.928141,0.171016,0.768902
559,1.552778,,,,,,,,-0.020916,-0.463397,0.058380,-0.883978,-0.928142,0.171020,0.768901
560,1.555556,,,,,,,,-0.020923,-0.463377,0.058387,-0.883988,-0.928138,0.171028,0.768903
561,1.558333,,,,,,,,-0.020925,-0.463517,0.058595,-0.883901,-0.928190,0.170973,0.768852
562,1.561111,,,,,,,,-0.020899,-0.463542,0.058652,-0.883885,-0.928198,0.170945,0.768849
563,1.563889,,,,,,,,-0.020900,-0.463384,0.058426,-0.883982,-0.928136,0.171008,0.768906
564,1.566667,,,,,,,,-0.020902,-0.463385,0.058431,-0.883982,-0.928137,0.171012,0.768908
565,1.569444,,,,,,,,-0.020892,-0.463395,0.058433,-0.883976,-0.928140,0.171009,0.768905
566,1.572222,,,,,,,,-0.020892,-0.463393,0.058423,-0.883978,-0.928142,0.171004,0.768906
567,1.575000,,,,,,,,-0.020900,-0.463391,0.058423,-0.883979,-0.928136,0.171009,0.768910
568,1.577778,,,,,,,,-0.020912,-0.463399,0.058401,-0.883976,-0.928138,0.171018,0.768902
569,1.580556,,,,,,,,-0.020920,-0.463394,0.058407,-0.883978,-0.928143,0.171015,0.768897
570,1.583333,,,,,,,,-0.020941,-0.463381,0.058420,-0.883983,-0.928138,0.171016,0.768901
571,1.586111,,,,,,,,-0.020946,-0.463374,0.058401,-0.883988,-0.928136,0.171016,0.768900
572,1.588889,,,,,,,,-0.020905,-0.463385,0.058433,-0.883982,-0.928134,0.171002,0.768903
573,1.591667,,,,,,,,-0.020907,-0.463386,0.058444,-0.883980,-0.928136,0.171008,0.768905
574,1.594444,,,,,,,,-0.020906,-0.463391,0.058453,-0.883977,-0.928136,0.171009,0.768906
575,1.597222,,,,,,,,-0.020900,-0.463516,0.058665,-0.883897,-0.928189,0.170936,0.768858
576,1.600000,,,,,,,,-0.020905,-0.463529,0.058691,-0.883889,-0.928196,0.170926,0.768850
577,1.602778,,,,,,,,-0.020911,-0.463388,0.058431,-0.883980,-0.928137,0.171008,0.768904
578,1.605556,,,,,,,,-0.020938,-0.463381,0.058398,-0.883985,-0.928140,0.171018,0.768900
579,1.608333,,,,,,,,-0.020945,-0.463379,0.058392,-0.883986,-0.928139,0.171022,0.768901
580,1.611111,,,,,,,,-0.020933,-0.463381,0.058412,-0.883984,-0.928137,0.171019,0.768902
581,1.613889,,,,,,,,-0.020905,-0.463508,0.058605,-0.883905,-0.928192,0.170949,0.768851
582,1.616667,,,,,,,,-0.020876,-0.463547,0.058674,-0.883881,-0.928205,0.170922,0.768847
583,1.619444,,,,,,,,-0.020913,-0.463390,0.058444,-0.883978,-0.928143,0.171007,0.768904
584,1.622222,,,,,,,,-0.020919,-0.463381,0.058447,-0.883982,-0.928138,0.171005,0.768903
585,1.625000,,,,,,,,-0.020903,-0.463382,0.058448,-0.883982,-0.928136,0.171003,0.768904
586,1.627778,,,,,,,,-0.020875,-0.463521,0.058641,-0.883897,-0.928190,0.170937,0.768859
587,1.630556,,,,,,,,-0.020900,-0.463548,0.058667,-0.883880,-0.928207,0.170934,0.768849
588,1.633333,,,,,,,,-0.020943,-0.463382,0.058420,-0.883983,-0.928137,0.171025,0.768904
589,1.636111,,,,,,,,-0.020912,-0.463387,0.058438,-0.883980,-0.928134,0.171012,0.768909
590,1.638889,,,,,,,,-0.020924,-0.463385,0.058408,-0.883982,-0.928142,0.171019,0.768905
591,1.641667,,,,,,,,-0.020923,-0.463386,0.058407,-0.883982,-0.928138,0.171024,0.768903
592,1.644444,,,,,,,,-0.020909,-0.463390,0.058414,-0.883980,-0.928137,0.171017,0.768902
593,1.647222,,,,,,,,-0.020933,-0.463389,0.058417,-0.883980,-0.928142,0.171015,0.768899
594,1.650000,,,,,,,,-0.020920,-0.463386,0.058457,-0.883979,-0.928140,0.171004,0.768904
595,1.652778,,,,,,,,-0.020916,-0.463380,0.058433,-0.883984,-0.928140,0.171008,0.768910
596,1.655556,,,,,,,,-0.020914,-0.463386,0.058421,-0.883982,-0.928143,0.171003,0.768908
597,1.658333,,,,,,,,-0.020908,-0.463386,0.058422,-0.883981,-0.928144,0.171001,0.768907
598,1.661111,,,,,,,,-0.020905,-0.463388,0.058424,-0.883981,-0.928140,0.171006,0.768907
599,1.663889,,,,,,,,-0.020909,-0.463395,0.058420,-0.883977,-0.928141,0.171006,0.768899
600,1.666667,,,,,,,,-0.020905,-0.463396,0.058420,-0.883976,-0.928139,0.171004,0.768902
601,1.669444,,,,,,,,-0.020897,-0.463513,0.058627,-0.883902,-0.928185,0.170938,0.768863
602,1.672222,,,,,,,,-0.020890,-0.463542,0.058686,-0.883883,-0.928202,0.170923,0.768848
603,1.675000,,,,,,,,-0.020896,-0.463385,0.058421,-0.883982,-0.928142,0.171006,0.768905
604,1.677778,,,,,,,,-0.020924,-0.463383,0.058405,-0.883984,-0.928143,0.171017,0.768901
605,1.680556,,,,,,,,-0.020928,-0.463390,0.058415,-0.883979,-0.928139,0.171022,0.768899
606,1.683333,,,,,,,,-0.020919,-0.463384,0.058412,-0.883983,-0.928141,0.171019,0.768900
607,1.686111,,,,,,,,-0.020957,-0.463376,0.058383,-0.883988,-0.928139,0.171031,0.768895
608,1.688889,,,,,,,,-0.020920,-0.463508,0.058601,-0.883905,-0.928187,0.170950,0.768854
609,1.691667,,,,,,,,-0.020883,-0.463541,0.058690,-0.883883,-0.928205,0.170915,0.768843
610,1.694444,,,,,,,,-0.020909,-0.463375,0.058419,-0.883988,-0.928138,0.171005,0.768905
611,1.697222,,,,,,,,-0.020906,-0.463381,0.058421,-0.883984,-0.928140,0.171009,0.768909
612,1.700000,,,,,,,,-0.020911,-0.463386,0.058444,-0.883980,-0.928144,0.171006,0.768906
613,1.702778,,,,,,,,-0.020902,-0.463518,0.058634,-0.883898,-0.928190,0.170939,0.768865
614,1.705556,,,,,,,,-0.020892,-0.463553,0.058695,-0.883876,-0.928202,0.170917,0.768847
615,1.708333,,,,,,,,-0.020909,-0.463381,0.058420,-0.883984,-0.928141,0.171002,0.768908
616,1.711111,,,,,,,,-0.020903,-0.463510,0.058610,-0.883904,-0.928189,0.170937,0.768866
617,1.713889,,,,,,,,-0.020908,-0.463550,0.058712,-0.883876,-0.928200,0.170916,0.768848
618,1.716667,,,,,,,,-0.020920,-0.463376,0.058445,-0.883985,-0.928136,0.171006,0.768905
619,1.719444,,,,,,,,-0.020889,-0.463508,0.058642,-0.883903,-0.928183,0.170942,0.768859
620,1.722222,,,,,,,,-0.020884,-0.463558,0.058725,-0.883871,-0.928206,0.170915,0.768846
621,1.725000,,,,,,,,-0.020915,-0.463388,0.058456,-0.883978,-0.928138,0.171007,0.768910
622,1.727778,,,,,,,,-0.020916,-0.463378,0.058452,-0.883983,-0.928135,0.171009,0.768909
623,1.730556,,,,,,,,-0.020927,-0.463368,0.058445,-0.883989,-0.928140,0.171004,0.768903
624,1.733333,,,,,,,,-0.020921,-0.463385,0.058445,-0.883980,-0.928139,0.171003,0.768902
625,1.736111,,,,,,,,-0.020921,-0.463394,0.058411,-0.883978,-0.928137,0.171018,0.768902
626,1.738889,,,,,,,,-0.020942,-0.463385,0.058403,-0.883982,-0.928139,0.171021,0.768902
627,1.741667,,,,,,,,-0.020930,-0.463393,0.058407,-0.883978,-0.928142,0.171014,0.768900
628,1.744444,,,,,,,,-0.020932,-0.463397,0.058404,-0.883976,-0.928139,0.171023,0.768902
629,1.747222,,,,,,,,-0.020906,-0.463390,0.058436,-0.883978,-0.928136,0.171012,0.768904
630,1.750000,,,,,,,,-0.020883,-0.463518,0.058625,-0.883899,-0.928184,0.170949,0.768866
631,1.752778,,,,,,,,-0.020868,-0.463563,0.058705,-0.883871,-0.928209,0.170915,0.768846
632,1.755556,,,,,,,,-0.020904,-0.463378,0.058444,-0.883984,-0.928140,0.171001,0.768900
633,1.758333,,,,,,,,-0.020924,-0.463385,0.058426,-0.883981,-0.928140,0.171013,0.768901
634,1.761111,,,,,,,,-0.020913,-0.463510,0.058593,-0.883905,-0.928189,0.170958,0.768858
635,1.763889,,,,,,,,-0.020899,-0.463570,0.058680,-0.883868,-0.928209,0.170928,0.768842
636,1.766667,,,,,,,,-0.020921,-0.463506,0.058586,-0.883908,-0.928185,0.170962,0.768866
637,1.769444,,,,,,,,-0.020878,-0.463559,0.058706,-0.883873,-0.928206,0.170912,0.768851
638,1.772222,,,,,,,,-0.020895,-0.463388,0.058432,-0.883980,-0.928141,0.171002,0.768906
639,1.775000,,,,,,,,-0.020890,-0.463393,0.058434,-0.883978,-0.928142,0.171000,0.768905
640,1.777778,,,,,,,,-0.020893,-0.463390,0.058431,-0.883979,-0.928141,0.171002,0.768906
641,1.780556,,,,,,,,-0.020886,-0.463388,0.058407,-0.883982,-0.928144,0.171002,0.768908
642,1.783333,,,,,,,,-0.020893,-0.463388,0.058423,-0.883981,-0.928144,0.171001,0.768903
643,1.786111,,,,,,,,-0.020921,-0.463375,0.058452,-0.883985,-0.928137,0.171011,0.768906
644,1.788889,,,,,,,,-0.020920,-0.463385,0.058439,-0.883981,-0.928134,0.171014,0.768911
645,1.791667,,,,,,,,-0.020905,-0.463391,0.058422,-0.883979,-0.928136,0.171011,0.768909
646,1.794444,,,,,,,,-0.020907,-0.463390,0.058438,-0.883978,-0.928140,0.171004,0.768905
647,1.797222,,,,,,,,-0.020888,-0.463496,0.058620,-0.883911,-0.928185,0.170943,0.768865
648,1.800000,,,,,,,,-0.020880,-0.463554,0.058732,-0.883874,-0.928205,0.170912,0.768841
649,1.802778,,,,,,,,-0.020910,-0.463379,0.058453,-0.883983,-0.928141,0.171000,0.768901
650,1.805556,,,,,,,,-0.020902,-0.463390,0.058440,-0.883979,-0.928141,0.171000,0.768904
651,1.808333,,,,,,,,-0.020880,-0.463507,0.058615,-0.883906,-0.928179,0.170943,0.768864
652,1.811111,,,,,,,,-0.020887,-0.463555,0.058703,-0.883875,-0.928203,0.170911,0.768843
653,1.813889,,,,,,,,-0.020915,-0.463373,0.058432,-0.883987,-0.928137,0.171004,0.768905
654,1.816667,,,,,,,,-0.020896,-0.463395,0.058440,-0.883976,-0.928139,0.170997,0.768903
655,1.819444,,,,,,,,-0.020906,-0.463391,0.058452,-0.883977,-0.928136,0.170997,0.768903
656,1.822222,,,,,,,,-0.020897,-0.463390,0.058453,-0.883977,-0.928136,0.171000,0.768905
657,1.825000,,,,,,,,-0.020900,-0.463386,0.058459,-0.883979,-0.928142,0.170995,0.768902
658,1.827778,,,,,,,,-0.020899,-0.463388,0.058446,-0.883979,-0.928143,0.170999,0.768900
659,1.830556,,,,,,,,-0.020910,-0.463385,0.058413,-0.883982,-0.928141,0.171019,0.768903
660,1.833333,,,,,,,,-0.020938,-0.463392,0.058407,-0.883978,-0.928143,0.171039,0.768902
661,1.836111,,,,,,,,-0.020926,-0.463387,0.058403,-0.883982,-0.928140,0.171026,0.768902
662,1.838889,,,,,,,,-0.020887,-0.463495,0.058599,-0.883913,-0.928185,0.170947,0.768867
663,1.841667,,,,,,,,-0.020874,-0.463575,0.058717,-0.883864,-0.928213,0.170909,0.768842
664,1.844444,,,,,,,,-0.020924,-0.463379,0.058411,-0.883985,-0.928143,0.171016,0.768908
665,1.847222,,,,,,,,-0.020941,-0.463379,0.058403,-0.883986,-0.928141,0.171024,0.768908
666,1.850000,,,,,,,,-0.020916,-0.463379,0.058433,-0.883984,-0.928135,0.171008,0.768907
667,1.852778,,,,,,,,-0.020900,-0.463485,0.058633,-0.883916,-0.928176,0.170952,0.768869
668,1.855556,,,,,,,,-0.020886,-0.463558,0.058742,-0.883870,-0.928207,0.170910,0.768842
669,1.858333,,,,,,,,-0.020891,-0.463494,0.058614,-0.883913,-0.928181,0.170946,0.768868
670,1.861111,,,,,,,,-0.020873,-0.463575,0.058725,-0.883863,-0.928210,0.170908,0.768844
671,1.863889,,,,,,,,-0.020895,-0.463391,0.058410,-0.883980,-0.928141,0.171004,0.768904
672,1.866667,,,,,,,,-0.020901,-0.463379,0.058420,-0.883985,-0.928139,0.171006,0.768904
673,1.869444,,,,,,,,-0.020924,-0.463379,0.058410,-0.883985,-0.928140,0.171017,0.768906
674,1.872222,,,,,,,,-0.020936,-0.463378,0.058409,-0.883986,-0.928142,0.171022,0.768905
675,1.875000,,,,,,,,-0.020916,-0.463376,0.058441,-0.883985,-0.928140,0.171006,0.768905
676,1.877778,,,,,,,,-0.020917,-0.463379,0.058440,-0.883984,-0.928139,0.171007,0.768906
677,1.880556,,,,,,,,-0.020908,-0.463384,0.058446,-0.883981,-0.928140,0.171006,0.768906
678,1.883333,,,,,,,,-0.020901,-0.463394,0.058437,-0.883976,-0.928138,0.171006,0.768905
679,1.886111,,,,,,,,-0.020898,-0.463394,0.058436,-0.883976,-0.928133,0.171007,0.768902
680,1.888889,,,,,,,,-0.020896,-0.463495,0.058598,-0.883913,-0.928173,0.170956,0.768867
681,1.891667,,,,,,,,-0.020895,-0.463572,0.058703,-0.883865,-0.928207,0.170923,0.768838
682,1.894444,,,,,,,,-0.020931,-0.463384,0.058415,-0.883982,-0.928138,0.171028,0.768898
683,1.897222,,,,,,,,-0.020901,-0.463400,0.058403,-0.883975,-0.928142,0.171010,0.768896
684,1.900000,,,,,,,,-0.020934,-0.463391,0.058392,-0.883980,-0.928141,0.171022,0.768896
685,1.902778,,,,,,,,-0.020917,-0.463384,0.058450,-0.883980,-0.928138,0.171006,0.768901
686,1.905556,,,,,,,,-0.020912,-0.463392,0.058459,-0.883976,-0.928139,0.171007,0.768907
687,1.908333,,,,,,,,-0.020918,-0.463398,0.058438,-0.883974,-0.928141,0.171015,0.768904
688,1.911111,,,,,,,,-0.020932,-0.463385,0.058405,-0.883982,-0.928142,0.171021,0.768903
689,1.913889,,,,,,,,-0.020918,-0.463378,0.058426,-0.883985,-0.928143,0.171000,0.768906
690,1.916667,,,,,,,,-0.020912,-0.463395,0.058439,-0.883976,-0.928136,0.171005,0.768904
691,1.919444,,,,,,,,-0.020922,-0.463377,0.058456,-0.883983,-0.928140,0.171002,0.768904
692,1.922222,,,,,,,,-0.020923,-0.463378,0.058466,-0.883982,-0.928143,0.170999,0.768906
693,1.925000,,,,,,,,-0.020916,-0.463385,0.058461,-0.883979,-0.928141,0.170999,0.768908
694,1.927778,,,,,,,,-0.020900,-0.463393,0.058446,-0.883976,-0.928136,0.171007,0.768909
695,1.930556,,,,,,,,-0.020905,-0.463389,0.058442,-0.883978,-0.928139,0.171006,0.768907
696,1.933333,,,,,,,,-0.020927,-0.463381,0.058441,-0.883982,-0.928143,0.171004,0.768905
697,1.936111,,,,,,,,-0.020929,-0.463373,0.058444,-0.883986,-0.928139,0.171006,0.768906
698,1.938889,,,,,,,,-0.020916,-0.463366,0.058430,-0.883991,-0.928141,0.171003,0.768906
699,1.941667,,,,,,,,-0.020913,-0.463379,0.058430,-0.883984,-0.928141,0.170998,0.768903
700,1.944444,,,,,,,,-0.020919,-0.463385,0.058428,-0.883981,-0.928142,0.171000,0.768901
701,1.947222,,,,,,,,-0.020903,-0.463389,0.058436,-0.883979,-0.928140,0.171005,0.768899
702,1.950000,,,,,,,,-0.020922,-0.463393,0.058433,-0.883977,-0.928140,0.171014,0.768897
703,1.952778,,,,,,,,-0.020952,-0.463393,0.058423,-0.883977,-0.928141,0.171027,0.768893
704,1.955556,,,,,,,,-0.020930,-0.463399,0.058416,-0.883975,-0.928142,0.171023,0.768896
705,1.958333,,,,,,,,-0.020894,-0.463398,0.058422,-0.883975,-0.928140,0.171003,0.768900
706,1.961111,,,,,,,,-0.020901,-0.463483,0.058584,-0.883920,-0.928176,0.170953,0.768865
707,1.963889,,,,,,,,-0.020886,-0.463569,0.058746,-0.883864,-0.928213,0.170906,0.768835
708,1.966667,,,,,,,,-0.020928,-0.463385,0.058416,-0.883982,-0.928139,0.171018,0.768903
709,1.969444,,,,,,,,-0.020946,-0.463387,0.058421,-0.883980,-0.928138,0.171028,0.768905
710,1.972222,,,,,,,,-0.020900,-0.463390,0.058449,-0.883978,-0.928138,0.171007,0.768904
711,1.975000,,,,,,,,-0.020897,-0.463393,0.058451,-0.883976,-0.928142,0.171009,0.768900
712,1.977778,,,,,,,,-0.020906,-0.463384,0.058442,-0.883981,-0.928142,0.171008,0.768905
713,1.980556,,,,,,,,-0.020908,-0.463475,0.058597,-0.883923,-0.928181,0.170952,0.768870
714,1.983333,,,,,,,,-0.020873,-0.463676,0.058906,-0.883798,-0.928254,0.170846,0.768803
715,1.986111,,,,,,,,-0.020865,-0.463686,0.058893,-0.883794,-0.928253,0.170852,0.768807
716,1.988889,,,,,,,,-0.020879,-0.463587,0.058741,-0.883855,-0.928214,0.170901,0.768837
717,1.991667,,,,,,,,-0.020907,-0.463381,0.058439,-0.883983,-0.928133,0.171011,0.768907
718,1.994444,,,,,,,,-0.020910,-0.463395,0.058438,-0.883976,-0.928136,0.171008,0.768904
719,1.997222,,,,,,,,-0.020928,-0.463384,0.058420,-0.883982,-0.928141,0.171012,0.768902
720,2.000000,,,,,,,,-0.020942,-0.463385,0.058419,-0.883981,-0.928144,0.171035,0.768901
721,2.002778,,,,,,,,-0.020918,-0.463384,0.058432,-0.883981,-0.928143,0.171021,0.768906
722,2.005556,,,,,,,,-0.020926,-0.463398,0.058407,-0.883976,-0.928142,0.171029,0.768900
723,2.008333,,,,,,,,-0.020899,-0.463394,0.058436,-0.883976,-0.928141,0.171009,0.768903
724,2.011111,,,,,,,,-0.020903,-0.463388,0.058420,-0.883981,-0.928135,0.171009,0.768905
725,2.013889,,,,,,,,-0.020897,-0.463465,0.058583,-0.883930,-0.928171,0.170956,0.768870
726,2.016667,,,,,,,,-0.020903,-0.463572,0.058743,-0.883863,-0.928211,0.170910,0.768833
727,2.019444,,,,,,,,-0.020942,-0.463368,0.058404,-0.883991,-0.928136,0.171027,0.768898
728,2.022222,,,,,,,,-0.020907,-0.463380,0.058418,-0.883985,-0.928142,0.171013,0.768901
729,2.025000,,,,,,,,-0.020937,-0.463379,0.058390,-0.883987,-0.928140,0.171022,0.768899
730,2.027778,,,,,,,,-0.020905,-0.463389,0.058427,-0.883980,-0.928139,0.171000,0.768909
731,2.030556,,,,,,,,-0.020902,-0.463393,0.058422,-0.883978,-0.928138,0.171003,0.768910
732,2.033333,,,,,,,,-0.020920,-0.463384,0.058447,-0.883981,-0.928142,0.170996,0.768905
733,2.036111,,,,,,,,-0.020926,-0.463378,0.058452,-0.883983,-0.928143,0.171000,0.768909
734,2.038889,,,,,,,,-0.020897,-0.463482,0.058578,-0.883921,-0.928175,0.170960,0.768878
735,2.041667,,,,,,,,-0.020878,-0.463598,0.058732,-0.883851,-0.928218,0.170907,0.768834
736,2.044444,,,,,,,,-0.020955,-0.463387,0.058391,-0.883982,-0.928144,0.171024,0.768899
737,2.047222,,,,,,,,-0.020939,-0.463387,0.058399,-0.883982,-0.928147,0.171023,0.768902
738,2.050000,,,,,,,,-0.020910,-0.463391,0.058451,-0.883977,-0.928140,0.171007,0.768904
739,2.052778,,,,,,,,-0.020924,-0.463376,0.058456,-0.883984,-0.928133,0.171007,0.768903
740,2.055556,,,,,,,,-0.020905,-0.463388,0.058441,-0.883979,-0.928138,0.171004,0.768905
741,2.058333,,,,,,,,-0.020890,-0.463399,0.058450,-0.883973,-0.928147,0.170998,0.768904
742,2.061111,,,,,,,,-0.020888,-0.463488,0.058583,-0.883918,-0.928177,0.170949,0.768874
743,2.063889,,,,,,,,-0.020891,-0.463596,0.058757,-0.883850,-0.928217,0.170903,0.768834
744,2.066667,,,,,,,,-0.020951,-0.463380,0.058412,-0.883984,-0.928140,0.171020,0.768900
745,2.069444,,,,,,,,-0.020933,-0.463372,0.058456,-0.883986,-0.928134,0.171006,0.768906
746,2.072222,,,,,,,,-0.020919,-0.463390,0.058444,-0.883978,-0.928135,0.171006,0.768905
747,2.075000,,,,,,,,-0.020899,-0.463473,0.058574,-0.883926,-0.928172,0.170957,0.768874
748,2.077778,,,,,,,,-0.020885,-0.463588,0.058751,-0.883854,-0.928215,0.170897,0.768831
749,2.080556,,,,,,,,-0.020911,-0.463389,0.058432,-0.883979,-0.928138,0.171000,0.768903
750,2.083333,,,,,,,,-0.020929,-0.463378,0.058449,-0.883983,-0.928135,0.171007,0.768898
751,2.086111,,,,,,,,-0.020925,-0.463377,0.058428,-0.883985,-0.928139,0.171004,0.768902
752,2.088889,,,,,,,,-0.020910,-0.463372,0.058427,-0.883988,-0.928144,0.171001,0.768897
753,2.091667,,,,,,,,-0.020926,-0.463452,0.058549,-0.883938,-0.928172,0.170972,0.768870
754,2.094444,,,,,,,,-0.020923,-0.463658,0.058865,-0.883809,-0.928255,0.170881,0.768800
755,2.097222,,,,,,,,-0.020896,-0.463587,0.058776,-0.883853,-0.928219,0.170895,0.768832
756,2.100000,,,,,,,,-0.020905,-0.463379,0.058422,-0.883985,-0.928139,0.171001,0.768900
757,2.102778,,,,,,,,-0.020909,-0.463386,0.058414,-0.883982,-0.928141,0.171013,0.768900
758,2.105556,,,,,,,,-0.020931,-0.463386,0.058379,-0.883984,-0.928149,0.171028,0.768896
759,2.108333,,,,,,,,-0.020902,-0.463397,0.058415,-0.883976,-0.928144,0.171005,0.768903
760,2.111111,,,,,,,,-0.020905,-0.463388,0.058434,-0.883980,-0.928138,0.171006,0.768906
761,2.113889,,,,,,,,-0.020905,-0.463390,0.058439,-0.883978,-0.928136,0.171004,0.768905
762,2.116667,,,,,,,,-0.020913,-0.463391,0.058417,-0.883979,-0.928138,0.171012,0.768906
763,2.119444,,,,,,,,-0.020949,-0.463385,0.058420,-0.883981,-0.928138,0.171028,0.768904
764,2.122222,,,,,,,,-0.020909,-0.463384,0.058445,-0.883981,-0.928132,0.171004,0.768908
765,2.125000,,,,,,,,-0.020913,-0.463379,0.058426,-0.883985,-0.928133,0.171006,0.768911
766,2.127778,,,,,,,,-0.020920,-0.463378,0.058438,-0.883984,-0.928131,0.171006,0.768903
767,2.130556,,,,,,,,-0.020925,-0.463373,0.058444,-0.883986,-0.928135,0.171006,0.768903
768,2.133333,,,,,,,,-0.020923,-0.463377,0.058437,-0.883985,-0.928141,0.171003,0.768905
769,2.136111,,,,,,,,-0.020913,-0.463380,0.058424,-0.883985,-0.928137,0.171005,0.768904
770,2.138889,,,,,,,,-0.020907,-0.463387,0.058431,-0.883981,-0.928138,0.171006,0.768905
771,2.141667,,,,,,,,-0.020939,-0.463372,0.058443,-0.883987,-0.928137,0.171009,0.768900
772,2.144444,,,,,,,,-0.020947,-0.463375,0.058415,-0.883987,-0.928137,0.171028,0.768900
773,2.147222,,,,,,,,-0.020899,-0.463407,0.058434,-0.883970,-0.928140,0.171011,0.768898
774,2.150000,,,,,,,,-0.020932,-0.463387,0.058400,-0.883982,-0.928143,0.171025,0.768896
775,2.152778,,,,,,,,-0.020893,-0.463393,0.058439,-0.883977,-0.928144,0.171001,0.768897
776,2.155556,,,,,,,,-0.020914,-0.463393,0.058437,-0.883977,-0.928144,0.171002,0.768899
777,2.158333,,,,,,,,-0.020916,-0.463470,0.058538,-0.883930,-0.928173,0.170976,0.768877
778,2.161111,,,,,,,,-0.020914,-0.463605,0.058699,-0.883848,-0.928228,0.170928,0.768830
779,2.163889,,,,,,,,-0.020933,-0.463388,0.058384,-0.883983,-0.928140,0.171025,0.768901
780,2.166667,,,,,,,,-0.020900,-0.463392,0.058430,-0.883978,-0.928139,0.171001,0.768903
781,2.169444,,,,,,,,-0.020913,-0.463382,0.058437,-0.883982,-0.928139,0.171001,0.768902
782,2.172222,,,,,,,,-0.020910,-0.463389,0.058434,-0.883979,-0.928146,0.171000,0.768906
783,2.175000,,,,,,,,-0.020934,-0.463381,0.058439,-0.883982,-0.928143,0.171010,0.768904
784,2.177778,,,,,,,,-0.020959,-0.463374,0.058410,-0.883988,-0.928142,0.171031,0.768898
785,2.180556,,,,,,,,-0.020945,-0.463371,0.058423,-0.883988,-0.928137,0.171025,0.768899
786,2.183333,,,,,,,,-0.020909,-0.463383,0.058458,-0.883980,-0.928141,0.170997,0.768910
787,2.186111,,,,,,,,-0.020897,-0.463471,0.058570,-0.883927,-0.928174,0.170951,0.768877
788,2.188889,,,,,,,,-0.020867,-0.463614,0.058794,-0.883838,-0.928227,0.170883,0.768831
789,2.191667,,,,,,,,-0.020897,-0.463466,0.058559,-0.883931,-0.928174,0.170963,0.768880
790,2.194444,,,,,,,,-0.020888,-0.463606,0.058761,-0.883844,-0.928219,0.170892,0.768836
791,2.197222,,,,,,,,-0.020901,-0.463459,0.058552,-0.883934,-0.928169,0.170965,0.768879
792,2.200000,,,,,,,,-0.020882,-0.463591,0.058776,-0.883851,-0.928222,0.170889,0.768827
793,2.202778,,,,,,,,-0.020922,-0.463374,0.058448,-0.883986,-0.928139,0.171000,0.768902
794,2.205556,,,,,,,,-0.020903,-0.463461,0.058544,-0.883934,-0.928166,0.170964,0.768878
795,2.208333,,,,,,,,-0.020862,-0.463691,0.058881,-0.883792,-0.928254,0.170846,0.768804
796,2.211111,,,,,,,,-0.020890,-0.463610,0.058762,-0.883842,-0.928220,0.170906,0.768827
797,2.213889,,,,,,,,-0.020962,-0.463379,0.058386,-0.883986,-0.928141,0.171038,0.768900
798,2.216667,,,,,,,,-0.020932,-0.463388,0.058388,-0.883982,-0.928143,0.171030,0.768896
799,2.219444,,,,,,,,-0.020897,-0.463466,0.058563,-0.883930,-0.928171,0.170971,0.768875
800,2.222222,,,,,,,,-0.020894,-0.463604,0.058770,-0.883844,-0.928225,0.170899,0.768829
801,2.225000,,,,,,,,-0.020951,-0.463376,0.058359,-0.883990,-0.928140,0.171032,0.768896
802,2.227778,,,,,,,,-0.020951,-0.463377,0.058400,-0.883987,-0.928139,0.171017,0.768896
803,2.230556,,,,,,,,-0.020919,-0.463373,0.058447,-0.883986,-0.928138,0.171002,0.768896
804,2.233333,,,,,,,,-0.020887,-0.463335,0.058460,-0.884006,-0.928106,0.170937,0.768860
805,2.236111,,,,,,,,-0.020803,-0.463208,0.058429,-0.884077,-0.928031,0.170817,0.768782
806,2.238889,,,,,,,,-0.020938,-0.463382,0.058391,-0.883985,-0.928138,0.171024,0.768901
807,2.241667,,,,,,,,-0.020905,-0.463383,0.058441,-0.883982,-0.928137,0.171004,0.768903
808,2.244444,,,,,,,,-0.020909,-0.463394,0.058438,-0.883976,-0.928136,0.171004,0.768903
809,2.247222,,,,,,,,-0.020925,-0.463387,0.058389,-0.883983,-0.928145,0.171021,0.768900
810,2.250000,,,,,,,,-0.020857,-0.463346,0.058437,-0.884002,-0.928111,0.170948,0.768865
811,2.252778,,,,,,,,-0.020772,-0.463228,0.058416,-0.884068,-0.928028,0.170811,0.768778
812,2.255556,,,,,,,,-0.020906,-0.463390,0.058440,-0.883978,-0.928139,0.171000,0.768906
813,2.258333,,,,,,,,-0.020930,-0.463376,0.058436,-0.883985,-0.928143,0.171000,0.768908
814,2.261111,,,,,,,,-0.020908,-0.463375,0.058432,-0.883986,-0.928143,0.171001,0.768903
815,2.263889,,,,,,,,-0.020894,-0.463458,0.058538,-0.883936,-0.928167,0.170958,0.768880
816,2.266667,,,,,,,,-0.020884,-0.463605,0.058796,-0.883842,-0.928227,0.170882,0.768826
817,2.269444,,,,,,,,-0.020920,-0.463381,0.058449,-0.883982,-0.928139,0.171005,0.768899
818,2.272222,,,,,,,,-0.020945,-0.463384,0.058408,-0.883982,-0.928141,0.171025,0.768897
819,2.275000,,,,,,,,-0.020896,-0.463397,0.058419,-0.883976,-0.928142,0.171003,0.768903
820,2.277778,,,,,,,,-0.020927,-0.463388,0.058438,-0.883979,-0.928136,0.171005,0.768902
821,2.280556,,,,,,,,-0.020964,-0.463383,0.058420,-0.883982,-0.928139,0.171027,0.768901
822,2.283333,,,,,,,,-0.020913,-0.463385,0.058430,-0.883982,-0.928145,0.171003,0.768899
823,2.286111,,,,,,,,-0.020922,-0.463384,0.058399,-0.883984,-0.928148,0.171000,0.768900
824,2.288889,,,,,,,,-0.020942,-0.463389,0.058386,-0.883982,-0.928150,0.171023,0.768897
825,2.291667,,,,,,,,-0.020916,-0.463380,0.058436,-0.883983,-0.928136,0.170999,0.768903
826,2.294444,,,,,,,,-0.020905,-0.463394,0.058439,-0.883976,-0.928136,0.171002,0.768903
827,2.297222,,,,,,,,-0.020904,-0.463380,0.058434,-0.883984,-0.928138,0.171003,0.768904
828,2.300000,,,,,,,,-0.020911,-0.463380,0.058431,-0.883984,-0.928143,0.171000,0.768904
829,2.302778,,,,,,,,-0.020909,-0.463446,0.058538,-0.883942,-0.928170,0.170968,0.768882
830,2.305556,,,,,,,,-0.020890,-0.463612,0.058814,-0.883837,-0.928227,0.170885,0.768824
831,2.308333,,,,,,,,-0.020895,-0.463403,0.058436,-0.883972,-0.928148,0.170994,0.768902
832,2.311111,,,,,,,,-0.020906,-0.463381,0.058430,-0.883983,-0.928145,0.170992,0.768902
833,2.313889,,,,,,,,-0.020912,-0.463390,0.058425,-0.883979,-0.928141,0.171000,0.768900
834,2.316667,,,,,,,,-0.020946,-0.463397,0.058391,-0.883977,-0.928141,0.171026,0.768899
835,2.319444,,,,,,,,-0.020915,-0.463380,0.058434,-0.883983,-0.928138,0.171002,0.768900
836,2.322222,,,,,,,,-0.020897,-0.463385,0.058410,-0.883983,-0.928140,0.171003,0.768901
837,2.325000,,,,,,,,-0.020892,-0.463385,0.058432,-0.883982,-0.928140,0.171004,0.768905
838,2.327778,,,,,,,,-0.020896,-0.463457,0.058545,-0.883936,-0.928168,0.170967,0.768878
839,2.330556,,,,,,,,-0.020878,-0.463616,0.058798,-0.883837,-0.928225,0.170887,0.768825
840,2.333333,,,,,,,,-0.020920,-0.463391,0.058436,-0.883977,-0.928139,0.171005,0.768902
841,2.336111,,,,,,,,-0.020905,-0.463384,0.058403,-0.883984,-0.928140,0.171007,0.768903
842,2.338889,,,,,,,,-0.020902,-0.463450,0.058511,-0.883942,-0.928160,0.170976,0.768887
843,2.341667,,,,,,,,-0.020881,-0.463618,0.058795,-0.883836,-0.928227,0.170886,0.768827
844,2.344444,,,,,,,,-0.020912,-0.463452,0.058543,-0.883939,-0.928158,0.170969,0.768885
845,2.347222,,,,,,,,-0.020884,-0.463619,0.058778,-0.883836,-0.928231,0.170882,0.768822
846,2.350000,,,,,,,,-0.020925,-0.463367,0.058432,-0.883990,-0.928139,0.171002,0.768902
847,2.352778,,,,,,,,-0.020909,-0.463392,0.058437,-0.883977,-0.928144,0.170999,0.768902
848,2.355556,,,,,,,,-0.020912,-0.463395,0.058439,-0.883975,-0.928140,0.171002,0.768903
849,2.358333,,,,,,,,-0.020908,-0.463395,0.058437,-0.883976,-0.928143,0.170992,0.768901
850,2.361111,,,,,,,,-0.020918,-0.463392,0.058437,-0.883977,-0.928144,0.171004,0.768903
851,2.363889,,,,,,,,-0.020910,-0.463387,0.058428,-0.883980,-0.928141,0.171006,0.768906
852,2.366667,,,,,,,,-0.020884,-0.463402,0.058410,-0.883974,-0.928141,0.171006,0.768903
853,2.369444,,,,,,,,-0.020911,-0.463393,0.058417,-0.883978,-0.928142,0.171006,0.768901
854,2.372222,,,,,,,,-0.020907,-0.463386,0.058427,-0.883981,-0.928142,0.171003,0.768903
855,2.375000,,,,,,,,-0.020921,-0.463387,0.058439,-0.883979,-0.928141,0.171002,0.768902
856,2.377778,,,,,,,,-0.020919,-0.463386,0.058427,-0.883981,-0.928144,0.171009,0.768902
857,2.380556,,,,,,,,-0.020958,-0.463386,0.058420,-0.883980,-0.928144,0.171028,0.768894
858,2.383333,,,,,,,,-0.020921,-0.463382,0.058431,-0.883983,-0.928141,0.171010,0.768902
859,2.386111,,,,,,,,-0.020921,-0.463367,0.058459,-0.883989,-0.928138,0.171006,0.768898
860,2.388889,,,,,,,,-0.020896,-0.463397,0.058442,-0.883975,-0.928145,0.171004,0.768900
861,2.391667,,,,,,,,-0.020893,-0.463407,0.058436,-0.883970,-0.928138,0.171011,0.768901
862,2.394444,,,,,,,,-0.020897,-0.463449,0.058520,-0.883942,-0.928155,0.170990,0.768883
863,2.397222,,,,,,,,-0.020916,-0.463622,0.058779,-0.883834,-0.928232,0.170917,0.768819
864,2.400000,,,,,,,,-0.020911,-0.463392,0.058421,-0.883978,-0.928135,0.171016,0.768901
865,2.402778,,,,,,,,-0.020941,-0.463391,0.058385,-0.883980,-0.928145,0.171028,0.768895
866,2.405556,,,,,,,,-0.020940,-0.463386,0.058405,-0.883982,-0.928142,0.171026,0.768894
867,2.408333,,,,,,,,-0.020905,-0.463385,0.058437,-0.883981,-0.928141,0.171006,0.768907
868,2.411111,,,,,,,,-0.020899,-0.463384,0.058427,-0.883983,-0.928136,0.171001,0.768904
869,2.413889,,,,,,,,-0.020898,-0.463376,0.058412,-0.883988,-0.928136,0.170997,0.768901
870,2.416667,,,,,,,,-0.020911,-0.463386,0.058435,-0.883980,-0.928138,0.171008,0.768900
871,2.419444,,,,,,,,-0.020937,-0.463383,0.058420,-0.883982,-0.928139,0.171010,0.768902
872,2.422222,,,,,,,,-0.020957,-0.463371,0.058397,-0.883990,-0.928136,0.171032,0.768900
873,2.425000,,,,,,,,-0.020931,-0.463424,0.058521,-0.883954,-0.928156,0.170989,0.768883
874,2.427778,,,,,,,,-0.020927,-0.463634,0.058748,-0.883829,-0.928239,0.170900,0.768818
875,2.430556,,,,,,,,-0.020949,-0.463382,0.058384,-0.883985,-0.928139,0.171031,0.768903
876,2.433333,,,,,,,,-0.020921,-0.463390,0.058429,-0.883979,-0.928145,0.171003,0.768907
877,2.436111,,,,,,,,-0.020911,-0.463385,0.058419,-0.883982,-0.928143,0.171005,0.768899
878,2.438889,,,,,,,,-0.020945,-0.463389,0.058380,-0.883982,-0.928145,0.171025,0.768900
879,2.441667,,,,,,,,-0.020911,-0.463383,0.058441,-0.883981,-0.928139,0.171007,0.768906
880,2.444444,,,,,,,,-0.020911,-0.463377,0.058427,-0.883986,-0.928137,0.171004,0.768903
881,2.447222,,,,,,,,-0.020920,-0.463384,0.058448,-0.883980,-0.928138,0.170999,0.768903
882,2.450000,,,,,,,,-0.020905,-0.463391,0.058433,-0.883978,-0.928144,0.171003,0.768903
883,2.452778,,,,,,,,-0.020910,-0.463385,0.058427,-0.883981,-0.928145,0.171005,0.768906
884,2.455556,,,,,,,,-0.020909,-0.463392,0.058433,-0.883978,-0.928139,0.171001,0.768899
885,2.458333,,,,,,,,-0.020920,-0.463382,0.058437,-0.883982,-0.928134,0.171003,0.768902
886,2.461111,,,,,,,,-0.020916,-0.463388,0.058431,-0.883980,-0.928140,0.171000,0.768902
887,2.463889,,,,,,,,-0.020905,-0.463382,0.058445,-0.883982,-0.928138,0.171002,0.768903
888,2.466667,,,,,,,,-0.020913,-0.463438,0.058505,-0.883949,-0.928158,0.170973,0.768885
889,2.469444,,,,,,,,-0.020882,-0.463629,0.058825,-0.883828,-0.928233,0.170875,0.768819
890,2.472222,,,,,,,,-0.020911,-0.463398,0.058411,-0.883976,-0.928142,0.171010,0.768903
891,2.475000,,,,,,,,-0.020953,-0.463381,0.058396,-0.883985,-0.928145,0.171032,0.768903
892,2.477778,,,,,,,,-0.020903,-0.463442,0.058529,-0.883945,-0.928159,0.170985,0.768888
893,2.480556,,,,,,,,-0.020878,-0.463639,0.058817,-0.883823,-0.928233,0.170880,0.768823
894,2.483333,,,,,,,,-0.020911,-0.463389,0.058423,-0.883980,-0.928138,0.171008,0.768902
895,2.486111,,,,,,,,-0.020943,-0.463392,0.058386,-0.883980,-0.928143,0.171034,0.768893
896,2.488889,,,,,,,,-0.020921,-0.463377,0.058420,-0.883986,-0.928141,0.171007,0.768902
897,2.491667,,,,,,,,-0.020949,-0.463386,0.058384,-0.883983,-0.928143,0.171033,0.768896
898,2.494444,,,,,,,,-0.020962,-0.463378,0.058384,-0.883987,-0.928144,0.171024,0.768897
899,2.497222,,,,,,,,-0.020925,-0.463373,0.058441,-0.883986,-0.928146,0.171000,0.768903
900,2.500000,,,,,,,,-0.020905,-0.463435,0.058508,-0.883950,-0.928157,0.170985,0.768891
901,2.502778,,,,,,,,-0.020873,-0.463651,0.058817,-0.883817,-0.928232,0.170882,0.768818
902,2.505556,,,,,,,,-0.020963,-0.463376,0.058406,-0.883986,-0.928141,0.171033,0.768893
903,2.508333,,,,,,,,-0.020923,-0.463417,0.058525,-0.883958,-0.928153,0.170984,0.768881
904,2.511111,,,,,,,,-0.020863,-0.463678,0.058895,-0.883798,-0.928250,0.170857,0.768805
905,2.513889,,,,,,,,-0.020885,-0.463639,0.058847,-0.883821,-0.928231,0.170879,0.768815
906,2.516667,,,,,,,,-0.020925,-0.463379,0.058438,-0.883983,-0.928141,0.171004,0.768901
907,2.519444,,,,,,,,-0.020903,-0.463388,0.058442,-0.883979,-0.928142,0.170998,0.768898
908,2.522222,,,,,,,,-0.020907,-0.463396,0.058453,-0.883974,-0.928138,0.171005,0.768906
909,2.525000,,,,,,,,-0.020913,-0.463393,0.058435,-0.883977,-0.928145,0.171001,0.768905
910,2.527778,,,,,,,,-0.020919,-0.463429,0.058500,-0.883954,-0.928162,0.170979,0.768888
911,2.530556,,,,,,,,-0.020909,-0.463652,0.058765,-0.883819,-0.928238,0.170897,0.768811
912,2.533333,,,,,,,,-0.020888,-0.463400,0.058436,-0.883974,-0.928146,0.170990,0.768904
913,2.536111,,,,,,,,-0.020915,-0.463386,0.058441,-0.883980,-0.928143,0.170993,0.768907
914,2.538889,,,,,,,,-0.020923,-0.463375,0.058445,-0.883985,-0.928143,0.171001,0.768902
915,2.541667,,,,,,,,-0.020922,-0.463372,0.058435,-0.883987,-0.928136,0.171004,0.768901
916,2.544444,,,,,,,,-0.020941,-0.463376,0.058430,-0.883985,-0.928141,0.171003,0.768904
917,2.547222,,,,,,,,-0.020905,-0.463395,0.058419,-0.883977,-0.928139,0.170995,0.768900
918,2.550000,,,,,,,,-0.020925,-0.463379,0.058441,-0.883984,-0.928135,0.171003,0.768902
919,2.552778,,,,,,,,-0.020901,-0.463379,0.058436,-0.883985,-0.928135,0.171009,0.768907
920,2.555556,,,,,,,,-0.020911,-0.463382,0.058442,-0.883982,-0.928131,0.171007,0.768902
921,2.558333,,,,,,,,-0.020922,-0.463386,0.058448,-0.883980,-0.928137,0.171015,0.768904
922,2.561111,,,,,,,,-0.020961,-0.463386,0.058404,-0.883981,-0.928139,0.171032,0.768902
923,2.563889,,,,,,,,-0.020916,-0.463376,0.058419,-0.883987,-0.928137,0.171011,0.768898
924,2.566667,,,,,,,,-0.020895,-0.463397,0.058431,-0.883976,-0.928147,0.171001,0.768903
925,2.569444,,,,,,,,-0.020924,-0.463384,0.058453,-0.883980,-0.928141,0.171006,0.768901
926,2.572222,,,,,,,,-0.020912,-0.463380,0.058433,-0.883984,-0.928144,0.171009,0.768906
927,2.575000,,,,,,,,-0.020950,-0.463415,0.058481,-0.883961,-0.928162,0.171010,0.768887
928,2.577778,,,,,,,,-0.020933,-0.463636,0.058775,-0.883826,-0.928244,0.170904,0.768814
929,2.580556,,,,,,,,-0.020935,-0.463394,0.058404,-0.883978,-0.928143,0.171034,0.768897
930,2.583333,,,,,,,,-0.020919,-0.463386,0.058479,-0.883978,-0.928134,0.171011,0.768912
931,2.586111,,,,,,,,-0.020916,-0.463391,0.058477,-0.883975,-0.928137,0.171008,0.768911
932,2.588889,,,,,,,,-0.020925,-0.463381,0.058450,-0.883982,-0.928140,0.171006,0.768904
933,2.591667,,,,,,,,-0.020925,-0.463381,0.058427,-0.883983,-0.928145,0.171004,0.768903
934,2.594444,,,,,,,,-0.020929,-0.463413,0.058495,-0.883962,-0.928159,0.170975,0.768890
935,2.597222,,,,,,,,-0.020900,-0.463638,0.058849,-0.883821,-0.928231,0.170863,0.768810
936,2.600000,,,,,,,,-0.020934,-0.463376,0.058439,-0.883985,-0.928140,0.170999,0.768907
937,2.602778,,,,,,,,-0.020918,-0.463373,0.058415,-0.883988,-0.928142,0.171006,0.768901
938,2.605556,,,,,,,,-0.020953,-0.463376,0.058375,-0.883989,-0.928140,0.171031,0.768903
939,2.608333,,,,,,,,-0.020913,-0.463374,0.058426,-0.883987,-0.928140,0.171005,0.768908
940,2.611111,,,,,,,,-0.020916,-0.463377,0.058425,-0.883986,-0.928139,0.171007,0.768902
941,2.613889,,,,,,,,-0.020912,-0.463424,0.058513,-0.883956,-0.928147,0.170987,0.768887
942,2.616667,,,,,,,,-0.020877,-0.463651,0.058870,-0.883814,-0.928238,0.170873,0.768814
943,2.619444,,,,,,,,-0.020914,-0.463397,0.058432,-0.883975,-0.928141,0.171012,0.768904
944,2.622222,,,,,,,,-0.020987,-0.463360,0.058378,-0.883996,-0.928144,0.171039,0.768900
945,2.625000,,,,,,,,-0.020954,-0.463378,0.058371,-0.883988,-0.928141,0.171027,0.768898
946,2.627778,,,,,,,,-0.020963,-0.463378,0.058405,-0.883985,-0.928142,0.171020,0.768896
947,2.630556,,,,,,,,-0.020895,-0.463418,0.058491,-0.883960,-0.928153,0.170982,0.768893
948,2.633333,,,,,,,,-0.020866,-0.463652,0.058832,-0.883816,-0.928241,0.170865,0.768814
949,2.636111,,,,,,,,-0.020909,-0.463388,0.058419,-0.883980,-0.928138,0.170998,0.768913
950,2.638889,,,,,,,,-0.020914,-0.463387,0.058452,-0.883979,-0.928138,0.171002,0.768909
951,2.641667,,,,,,,,-0.020915,-0.463365,0.058440,-0.883991,-0.928134,0.170999,0.768904
952,2.644444,,,,,,,,-0.020910,-0.463385,0.058431,-0.883981,-0.928136,0.170996,0.768906
953,2.647222,,,,,,,,-0.020905,-0.463390,0.058461,-0.883977,-0.928139,0.171000,0.768906
954,2.650000,,,,,,,,-0.020898,-0.463393,0.058429,-0.883977,-0.928140,0.171005,0.768907
955,2.652778,,,,,,,,-0.020914,-0.463386,0.058440,-0.883980,-0.928141,0.171005,0.768904
956,2.655556,,,,,,,,-0.020920,-0.463380,0.058435,-0.883984,-0.928144,0.171004,0.768905
957,2.658333,,,,,,,,-0.020950,-0.463385,0.058401,-0.883982,-0.928138,0.171024,0.768897
958,2.661111,,,,,,,,-0.020924,-0.463393,0.058467,-0.883974,-0.928141,0.171005,0.768907
959,2.663889,,,,,,,,-0.020952,-0.463387,0.058419,-0.883980,-0.928143,0.171018,0.768898
960,2.666667,,,,,,,,-0.020903,-0.463411,0.058493,-0.883964,-0.928151,0.170981,0.768889
961,2.669444,,,,,,,,-0.020881,-0.463647,0.058881,-0.883815,-0.928240,0.170864,0.768813
962,2.672222,,,,,,,,-0.020907,-0.463386,0.058436,-0.883981,-0.928145,0.170995,0.768902
963,2.675000,,,,,,,,-0.020902,-0.463392,0.058444,-0.883977,-0.928141,0.170999,0.768904
964,2.677778,,,,,,,,-0.020918,-0.463381,0.058425,-0.883984,-0.928145,0.171001,0.768904
965,2.680556,,,,,,,,-0.020957,-0.463382,0.058388,-0.883985,-0.928139,0.171024,0.768898
966,2.683333,,,,,,,,-0.020899,-0.463399,0.058443,-0.883974,-0.928143,0.170997,0.768899
967,2.686111,,,,,,,,-0.020931,-0.463370,0.058440,-0.883988,-0.928139,0.171004,0.768904
968,2.688889,,,,,,,,-0.020919,-0.463383,0.058449,-0.883981,-0.928141,0.171003,0.768906
969,2.691667,,,,,,,,-0.020912,-0.463386,0.058440,-0.883980,-0.928137,0.171010,0.768905
970,2.694444,,,,,,,,-0.020913,-0.463398,0.058432,-0.883974,-0.928138,0.171006,0.768904
971,2.697222,,,,,,,,-0.020894,-0.463394,0.058419,-0.883978,-0.928146,0.170994,0.768904
972,2.700000,,,,,,,,-0.020894,-0.463412,0.058469,-0.883965,-0.928157,0.170986,0.768897
973,2.702778,,,,,,,,-0.020860,-0.463683,0.058915,-0.883794,-0.928248,0.170851,0.768804
974,2.705556,,,,,,,,-0.020851,-0.463674,0.058849,-0.883803,-0.928250,0.170865,0.768816
975,2.708333,,,,,,,,-0.020922,-0.463376,0.058439,-0.883985,-0.928140,0.171007,0.768904
976,2.711111,,,,,,,,-0.020909,-0.463409,0.058461,-0.883967,-0.928147,0.170997,0.768903
977,2.713889,,,,,,,,-0.020909,-0.463663,0.058794,-0.883811,-0.928251,0.170898,0.768815
978,2.716667,,,,,,,,-0.020927,-0.463382,0.058428,-0.883983,-0.928141,0.171007,0.768907
979,2.719444,,,,,,,,-0.020912,-0.463384,0.058421,-0.883983,-0.928153,0.170993,0.768907
980,2.722222,,,,,,,,-0.020905,-0.463389,0.058425,-0.883980,-0.928139,0.170996,0.768908
981,2.725000,,,,,,,,-0.020907,-0.463390,0.058439,-0.883978,-0.928138,0.171003,0.768906
982,2.727778,,,,,,,,-0.020905,-0.463391,0.058459,-0.883976,-0.928135,0.171001,0.768904
983,2.730556,,,,,,,,-0.020902,-0.463384,0.058432,-0.883982,-0.928136,0.170997,0.768907
984,2.733333,,,,,,,,-0.020893,-0.463427,0.058465,-0.883957,-0.928151,0.170992,0.768905
985,2.736111,,,,,,,,-0.020879,-0.463675,0.058907,-0.883798,-0.928247,0.170852,0.768805
986,2.738889,,,,,,,,-0.020877,-0.463651,0.058860,-0.883814,-0.928248,0.170860,0.768817
987,2.741667,,,,,,,,-0.020915,-0.463377,0.058435,-0.883985,-0.928141,0.170999,0.768908
988,2.744444,,,,,,,,-0.020914,-0.463402,0.058500,-0.883968,-0.928145,0.170998,0.768903
989,2.747222,,,,,,,,-0.020924,-0.463658,0.058813,-0.883812,-0.928249,0.170897,0.768805
990,2.750000,,,,,,,,-0.020960,-0.463384,0.058375,-0.883984,-0.928146,0.171037,0.768897
991,2.752778,,,,,,,,-0.020951,-0.463379,0.058374,-0.883987,-0.928140,0.171030,0.768900
992,2.755556,,,,,,,,-0.020945,-0.463358,0.058439,-0.883994,-0.928136,0.171012,0.768907
993,2.758333,,,,,,,,-0.020892,-0.463425,0.058453,-0.883959,-0.928152,0.170987,0.768897
994,2.761111,,,,,,,,-0.020855,-0.463659,0.058882,-0.883809,-0.928244,0.170854,0.768809
995,2.763889,,,,,,,,-0.020908,-0.463380,0.058433,-0.883984,-0.928140,0.171001,0.768908
996,2.766667,,,,,,,,-0.020942,-0.463386,0.058401,-0.883982,-0.928143,0.171027,0.768900
997,2.769444,,,,,,,,-0.020893,-0.463378,0.058446,-0.883985,-0.928143,0.171004,0.768902
998,2.772222,,,,,,,,-0.020915,-0.463413,0.058479,-0.883963,-0.928154,0.170996,0.768900
999,2.775000,,,,,,,,-0.020874,-0.463645,0.058872,-0.883817,-0.928250,0.170854,0.768812
1000,2.777778,,,,,,,,-0.020904,-0.463394,0.058435,-0.883977,-0.928143,0.171002,0.768907
1001,2.780556,,,,,,,,-0.020958,-0.463377,0.058382,-0.883987,-0.928138,0.171028,0.768905
1002,2.783333,,,,,,,,-0.020915,-0.463381,0.058418,-0.883984,-0.928144,0.170995,0.768910
1003,2.786111,,,,,,,,-0.020910,-0.463392,0.058431,-0.883977,-0.928145,0.171000,0.768902
1004,2.788889,,,,,,,,-0.020927,-0.463391,0.058477,-0.883975,-0.928144,0.171000,0.768904
1005,2.791667,,,,,,,,-0.020968,-0.463389,0.058434,-0.883977,-0.928140,0.171035,0.768900
1006,2.794444,,,,,,,,-0.020895,-0.463399,0.058439,-0.883974,-0.928140,0.171005,0.768912
1007,2.797222,,,,,,,,-0.020886,-0.463395,0.058438,-0.883976,-0.928146,0.171001,0.768905
1008,2.800000,,,,,,,,-0.020922,-0.463378,0.058436,-0.883984,-0.928139,0.170999,0.768898
1009,2.802778,,,,,,,,-0.020910,-0.463394,0.058445,-0.883976,-0.928145,0.171006,0.768906
1010,2.805556,,,,,,,,-0.020866,-0.463671,0.058876,-0.883803,-0.928246,0.170861,0.768812
1011,2.808333,,,,,,,,-0.020946,-0.463384,0.058405,-0.883983,-0.928142,0.171027,0.768901
1012,2.811111,,,,,,,,-0.020907,-0.463392,0.058408,-0.883979,-0.928141,0.171000,0.768903
1013,2.813889,,,,,,,,-0.020944,-0.463408,0.058419,-0.883969,-0.928150,0.171021,0.768896
1014,2.816667,,,,,,,,-0.020875,-0.463657,0.058907,-0.883808,-0.928254,0.170841,0.768801
1015,2.819444,,,,,,,,-0.020864,-0.463686,0.058901,-0.883793,-0.928254,0.170853,0.768801
1016,2.822222,,,,,,,,-0.020864,-0.463677,0.058865,-0.883801,-0.928254,0.170855,0.768807
1017,2.825000,,,,,,,,-0.020921,-0.463412,0.058469,-0.883964,-0.928142,0.171001,0.768905
1018,2.827778,,,,,,,,-0.020862,-0.463675,0.058877,-0.883801,-0.928248,0.170860,0.768805
1019,2.830556,,,,,,,,-0.020937,-0.463364,0.058436,-0.883991,-0.928143,0.170999,0.768908
1020,2.833333,,,,,,,,-0.020919,-0.463380,0.058411,-0.883985,-0.928143,0.170998,0.768903
1021,2.836111,,,,,,,,-0.020891,-0.463394,0.058411,-0.883979,-0.928148,0.170993,0.768905
1022,2.838889,,,,,,,,-0.020914,-0.463397,0.058431,-0.883975,-0.928147,0.171002,0.768900
1023,2.841667,,,,,,,,-0.020891,-0.463421,0.058456,-0.883961,-0.928147,0.170997,0.768906
1024,2.844444,,,,,,,,-0.020895,-0.463385,0.058433,-0.883982,-0.928149,0.170995,0.768911
1025,2.847222,,,,,,,,-0.020917,-0.463381,0.058435,-0.883983,-0.928144,0.171003,0.768907
1026,2.850000,,,,,,,,-0.020905,-0.463395,0.058410,-0.883978,-0.928147,0.170990,0.768904
1027,2.852778,,,,,,,,-0.020976,-0.463364,0.058395,-0.883993,-0.928145,0.171036,0.768903
1028,2.855556,,,,,,,,-0.020948,-0.463394,0.058396,-0.883978,-0.928148,0.171022,0.768900
1029,2.858333,,,,,,,,-0.020896,-0.463406,0.058444,-0.883970,-0.928134,0.171005,0.768905
1030,2.861111,,,,,,,,-0.020907,-0.463404,0.058457,-0.883970,-0.928146,0.170992,0.768899
1031,2.863889,,,,,,,,-0.020884,-0.463652,0.058895,-0.883811,-0.928259,0.170841,0.768807
1032,2.866667,,,,,,,,-0.020958,-0.463375,0.058398,-0.883988,-0.928150,0.171025,0.768900
1033,2.869444,,,,,,,,-0.020901,-0.463397,0.058449,-0.883974,-0.928140,0.171004,0.768906
1034,2.872222,,,,,,,,-0.020891,-0.463390,0.058409,-0.883981,-0.928141,0.171001,0.768906
1035,2.875000,,,,,,,,-0.020925,-0.463388,0.058434,-0.883979,-0.928141,0.171000,0.768901
1036,2.877778,,,,,,,,-0.020914,-0.463392,0.058440,-0.883977,-0.928149,0.171001,0.768903
1037,2.880556,,,,,,,,-0.020886,-0.463673,0.058878,-0.883802,-0.928251,0.170849,0.768807
1038,2.883333,,,,,,,,-0.020936,-0.463386,0.058453,-0.883979,-0.928143,0.171001,0.768903
1039,2.886111,,,,,,,,-0.020960,-0.463374,0.058424,-0.883986,-0.928142,0.171032,0.768902
1040,2.888889,,,,,,,,-0.020918,-0.463385,0.058434,-0.883981,-0.928142,0.171001,0.768905
1041,2.891667,,,,,,,,-0.020905,-0.463394,0.058450,-0.883976,-0.928145,0.171003,0.768905
1042,2.894444,,,,,,,,-0.020909,-0.463397,0.058444,-0.883974,-0.928143,0.170995,0.768901
1043,2.897222,,,,,,,,-0.020944,-0.463393,0.058368,-0.883980,-0.928148,0.171025,0.768901
1044,2.900000,,,,,,,,-0.020920,-0.463381,0.058455,-0.883982,-0.928143,0.171012,0.768906
1045,2.902778,,,,,,,,-0.020913,-0.463394,0.058433,-0.883976,-0.928138,0.170994,0.768913
1046,2.905556,,,,,,,,-0.020904,-0.463393,0.058440,-0.883977,-0.928139,0.171003,0.768908
1047,2.908333,,,,,,,,-0.020916,-0.463373,0.058428,-0.883988,-0.928144,0.171001,0.768909
1048,2.911111,,,,,,,,-0.020916,-0.463375,0.058457,-0.883985,-0.928138,0.171004,0.768910
1049,2.913889,,,,,,,,-0.020920,-0.463378,0.058449,-0.883984,-0.928143,0.171005,0.768909
1050,2.916667,,,,,,,,-0.020947,-0.463392,0.058370,-0.883981,-0.928149,0.171024,0.768903
1051,2.919444,,,,,,,,-0.020613,-0.463493,0.058267,-0.883943,-0.928186,0.170901,0.768876
1052,2.922222,,,,,,,,-0.020900,-0.463382,0.058439,-0.883983,-0.928149,0.170993,0.768910
1053,2.925000,,,,,,,,-0.020903,-0.463392,0.058445,-0.883977,-0.928145,0.170994,0.768903
1054,2.927778,,,,,,,,-0.020914,-0.463381,0.058450,-0.883982,-0.928137,0.171006,0.768906
1055,2.930556,,,,,,,,-0.020964,-0.463369,0.058383,-0.883991,-0.928149,0.171037,0.768897
1056,2.933333,,,,,,,,-0.020894,-0.463387,0.058419,-0.883982,-0.928150,0.170999,0.768906
1057,2.936111,,,,,,,,-0.020966,-0.463373,0.058399,-0.883989,-0.928145,0.171040,0.768900
1058,2.938889,,,,,,,,-0.020905,-0.463388,0.058431,-0.883980,-0.928143,0.171003,0.768902
1059,2.941667,,,,,,,,-0.020900,-0.463386,0.058425,-0.883982,-0.928144,0.171001,0.768904
1060,2.944444,,,,,,,,-0.020928,-0.463353,0.058364,-0.884002,-0.928136,0.171054,0.768945
1061,2.947222,,,,,,,,-0.020918,-0.463381,0.058428,-0.883983,-0.928148,0.170993,0.768900
1062,2.950000,,,,,,,,-0.020896,-0.463415,0.058454,-0.883964,-0.928148,0.170999,0.768906
1063,2.952778,,,,,,,,-0.020972,-0.463381,0.058389,-0.883985,-0.928149,0.171022,0.768892
1064,2.955556,,,,,,,,-0.020882,-0.463668,0.058900,-0.883802,-0.928257,0.170854,0.768810
1065,2.958333,,,,,,,,-0.020908,-0.463390,0.058419,-0.883979,-0.928145,0.170990,0.768901
1066,2.961111,,,,,,,,-0.020939,-0.463389,0.058377,-0.883982,-0.928142,0.171028,0.768902
