Format Version,1.22,Take Name,hw3_v2_B_007,Capture Frame Rate,360.000000,Export Frame Rate,360.000000,Capture Start Time,29 Dec 1969 01:14:18 +0800,Total Frames in Take,701,Total Exported Frames,701,Rotation Type,Quaternion,Length Units,Meters,Coordinate Space,Global

,,Rigid Body,Rigid Body,Rigid Body,Rigid Body,Rigid Body,Rigid Body,Rigid Body,Rigid Body,Rigid Body,Rigid Body,Rigid Body,Rigid Body,Rigid Body,Rigid Body
,,RigidBody 01,RigidBody 01,RigidBody 01,RigidBody 01,RigidBody 01,RigidBody 01,RigidBody 01,RigidBody 02,RigidBody 02,RigidBody 02,RigidBody 02,RigidBody 02,RigidBody 02,RigidBody 02
,,"4F4B8F34BD9011ED3CE6FFAD6BA8968C","4F4B8F34BD9011ED3CE6FFAD6BA8968C","4F4B8F34BD9011ED3CE6FFAD6BA8968C","4F4B8F34BD9011ED3CE6FFAD6BA8968C","4F4B8F34BD9011ED3CE6FFAD6BA8968C","4F4B8F34BD9011ED3CE6FFAD6BA8968C","4F4B8F34BD9011ED3CE6FFAD6BA8968C","D435570C19E11ED3CE6FFAD6BA8978C","D435570C19E11ED3CE6FFAD6BA8978C","D435570C19E11ED3CE6FFAD6BA8978C","D435570C19E11ED3CE6FFAD6BA8978C","D435570C19E11ED3CE6FFAD6BA8978C","D435570C19E11ED3CE6FFAD6BA8978C","D435570C19E11ED3CE6FFAD6BA8978C"
,,Rotation,Rotation,Rotation,Rotation,Position,Position,Position,Rotation,Rotation,Rotation,Rotation,Position,Position,Position
Frame,Time (Seconds),X,Y,Z,W,X,Y,Z,X,Y,Z,W,X,Y,Z
0,0.000000,,,,,,,,-0.056095,-0.067809,0.059673,-0.994331,-0.880418,0.172290,0.715890
1,0.002778,,,,,,,,-0.056126,-0.067778,0.059685,-0.994331,-0.880404,0.172296,0.715885
2,0.005556,,,,,,,,-0.056121,-0.067808,0.059694,-0.994328,-0.880410,0.172286,0.715890
3,0.008333,,,,,,,,-0.056137,-0.067810,0.059707,-0.994327,-0.880396,0.172298,0.715888
4,0.011111,,,,,,,,-0.056151,-0.067789,0.059719,-0.994327,-0.880400,0.172294,0.715894
5,0.013889,,,,,,,,-0.056041,-0.067932,0.059578,-0.994332,-0.880449,0.172305,0.715876
6,0.016667,,,,,,,,-0.056124,-0.067797,0.059704,-0.994329,-0.880397,0.172300,0.715879
7,0.019444,,,,,,,,-0.056083,-0.067830,0.059673,-0.994330,-0.880410,0.172282,0.715886
8,0.022222,,,,,,,,-0.056109,-0.067800,0.059698,-0.994330,-0.880400,0.172289,0.715881
9,0.025000,,,,,,,,-0.056097,-0.067800,0.059673,-0.994332,-0.880415,0.172293,0.715882
10,0.027778,,,,,,,,-0.056134,-0.067772,0.059712,-0.994329,-0.880404,0.172286,0.715888
11,0.030556,,,,,,,,-0.056138,-0.067771,0.059697,-0.994330,-0.880401,0.172288,0.715882
12,0.033333,,,,,,,,-0.056100,-0.067807,0.059670,-0.994331,-0.880416,0.172277,0.715882
13,0.036111,,,,,,,,-0.056110,-0.067800,0.059686,-0.994330,-0.880399,0.172296,0.715889
14,0.038889,,,,,,,,-0.056098,-0.067799,0.059659,-0.994333,-0.880409,0.172289,0.715893
15,0.041667,,,,,,,,-0.056128,-0.067814,0.059701,-0.994327,-0.880410,0.172290,0.715894
16,0.044444,,,,,,,,-0.056131,-0.067780,0.059698,-0.994330,-0.880397,0.172297,0.715889
17,0.047222,,,,,,,,-0.056128,-0.067798,0.059708,-0.994328,-0.880396,0.172299,0.715888
18,0.050000,,,,,,,,-0.056036,-0.067706,0.059797,-0.994334,-0.880345,0.172238,0.715843
19,0.052778,,,,,,,,-0.056128,-0.067800,0.059716,-0.994327,-0.880394,0.172301,0.715890
20,0.055556,,,,,,,,-0.056131,-0.067804,0.059707,-0.994327,-0.880395,0.172305,0.715886
21,0.058333,,,,,,,,-0.056120,-0.067781,0.059693,-0.994330,-0.880398,0.172304,0.715890
22,0.061111,,,,,,,,-0.056134,-0.067796,0.059702,-0.994328,-0.880399,0.172303,0.715890
23,0.063889,,,,,,,,-0.056128,-0.067786,0.059694,-0.994330,-0.880403,0.172292,0.715887
24,0.066667,,,,,,,,-0.056259,-0.067825,0.059654,-0.994322,-0.880373,0.172253,0.715861
25,0.069444,,,,,,,,-0.056142,-0.067795,0.059697,-0.994328,-0.880394,0.172292,0.715885
26,0.072222,,,,,,,,-0.056104,-0.067826,0.059694,-0.994328,-0.880412,0.172293,0.715893
27,0.075000,,,,,,,,-0.056101,-0.067807,0.059660,-0.994332,-0.880412,0.172289,0.715887
28,0.077778,,,,,,,,-0.056096,-0.067801,0.059685,-0.994331,-0.880411,0.172296,0.715882
29,0.080556,,,,,,,,-0.056094,-0.067804,0.059657,-0.994333,-0.880407,0.172291,0.715891
30,0.083333,,,,,,,,-0.056121,-0.067773,0.059675,-0.994332,-0.880398,0.172291,0.715886
31,0.086111,,,,,,,,-0.056132,-0.067789,0.059684,-0.994330,-0.880395,0.172291,0.715886
32,0.088889,,,,,,,,-0.056125,-0.067806,0.059690,-0.994329,-0.880399,0.172291,0.715885
33,0.091667,,,,,,,,-0.056138,-0.067806,0.059708,-0.994327,-0.880395,0.172294,0.715894
34,0.094444,,,,,,,,-0.056118,-0.067789,0.059675,-0.994331,-0.880398,0.172289,0.715891
35,0.097222,,,,,,,,-0.056115,-0.067798,0.059700,-0.994329,-0.880393,0.172298,0.715890
36,0.100000,,,,,,,,-0.056116,-0.067806,0.059687,-0.994329,-0.880407,0.172290,0.715892
37,0.102778,,,,,,,,-0.056109,-0.067817,0.059685,-0.994329,-0.880404,0.172292,0.715888
38,0.105556,,,,,,,,-0.056141,-0.067788,0.059724,-0.994327,-0.880391,0.172297,0.715889
39,0.108333,,,,,,,,-0.056118,-0.067790,0.059693,-0.994330,-0.880399,0.172298,0.715885
40,0.111111,,,,,,,,-0.056026,-0.067926,0.059615,-0.994331,-0.880445,0.172311,0.715887
41,0.113889,,,,,,,,-0.056109,-0.067794,0.059684,-0.994331,-0.880398,0.172301,0.715884
42,0.116667,,,,,,,,-0.056110,-0.067803,0.059676,-0.994331,-0.880407,0.172289,0.715892
43,0.119444,,,,,,,,-0.056119,-0.067795,0.059690,-0.994330,-0.880408,0.172292,0.715892
44,0.122222,,,,,,,,-0.056134,-0.067783,0.059686,-0.994330,-0.880399,0.172292,0.715890
45,0.125000,,,,,,,,-0.056109,-0.067805,0.059680,-0.994330,-0.880405,0.172294,0.715890
46,0.127778,,,,,,,,-0.056142,-0.067769,0.059685,-0.994331,-0.880393,0.172305,0.715884
47,0.130556,,,,,,,,-0.056119,-0.067793,0.059669,-0.994331,-0.880408,0.172294,0.715888
48,0.133333,,,,,,,,-0.056120,-0.067795,0.059704,-0.994329,-0.880400,0.172299,0.715888
49,0.136111,,,,,,,,-0.056109,-0.067799,0.059694,-0.994330,-0.880409,0.172301,0.715892
50,0.138889,,,,,,,,-0.056113,-0.067807,0.059725,-0.994327,-0.880397,0.172296,0.715892
51,0.141667,,,,,,,,-0.056134,-0.067790,0.059714,-0.994328,-0.880403,0.172293,0.715880
52,0.144444,,,,,,,,-0.056130,-0.067784,0.059679,-0.994331,-0.880399,0.172304,0.715884
53,0.147222,,,,,,,,-0.056142,-0.067810,0.059718,-0.994326,-0.880403,0.172296,0.715885
54,0.150000,,,,,,,,-0.056114,-0.067782,0.059688,-0.994331,-0.880397,0.172294,0.715891
55,0.152778,,,,,,,,-0.056038,-0.067904,0.059604,-0.994332,-0.880449,0.172295,0.715881
56,0.155556,,,,,,,,-0.056124,-0.067805,0.059665,-0.994330,-0.880408,0.172285,0.715893
57,0.158333,,,,,,,,-0.056117,-0.067782,0.059676,-0.994332,-0.880404,0.172294,0.715891
58,0.161111,,,,,,,,-0.056132,-0.067786,0.059669,-0.994331,-0.880400,0.172292,0.715886
59,0.163889,,,,,,,,-0.056095,-0.067792,0.059664,-0.994333,-0.880412,0.172291,0.715893
60,0.166667,,,,,,,,-0.056137,-0.067785,0.059689,-0.994330,-0.880398,0.172292,0.715888
61,0.169444,,,,,,,,-0.056114,-0.067820,0.059691,-0.994328,-0.880406,0.172298,0.715895
62,0.172222,,,,,,,,-0.056110,-0.067798,0.059689,-0.994330,-0.880408,0.172291,0.715887
63,0.175000,,,,,,,,-0.056119,-0.067784,0.059699,-0.994330,-0.880405,0.172289,0.715884
64,0.177778,,,,,,,,-0.056098,-0.067811,0.059684,-0.994330,-0.880406,0.172300,0.715891
65,0.180556,,,,,,,,-0.056082,-0.067756,0.059748,-0.994331,-0.880373,0.172271,0.715869
66,0.183333,,,,,,,,-0.056087,-0.067801,0.059676,-0.994332,-0.880407,0.172294,0.715886
67,0.186111,,,,,,,,-0.056092,-0.067822,0.059666,-0.994331,-0.880406,0.172291,0.715885
68,0.188889,,,,,,,,-0.056133,-0.067800,0.059690,-0.994329,-0.880398,0.172301,0.715883
69,0.191667,,,,,,,,-0.056074,-0.067919,0.059614,-0.994328,-0.880447,0.172315,0.715878
70,0.194444,,,,,,,,-0.056118,-0.067796,0.059690,-0.994330,-0.880402,0.172307,0.715881
71,0.197222,,,,,,,,-0.056087,-0.067808,0.059675,-0.994332,-0.880408,0.172304,0.715892
72,0.200000,,,,,,,,-0.056109,-0.067781,0.059685,-0.994332,-0.880401,0.172300,0.715888
73,0.202778,,,,,,,,-0.056105,-0.067807,0.059671,-0.994331,-0.880414,0.172300,0.715888
74,0.205556,,,,,,,,-0.056098,-0.067832,0.059677,-0.994329,-0.880408,0.172291,0.715893
75,0.208333,,,,,,,,-0.056142,-0.067770,0.059681,-0.994331,-0.880404,0.172290,0.715893
76,0.211111,,,,,,,,-0.056137,-0.067780,0.059683,-0.994330,-0.880408,0.172282,0.715888
77,0.213889,,,,,,,,-0.056156,-0.067766,0.059687,-0.994330,-0.880400,0.172289,0.715889
78,0.216667,,,,,,,,-0.056125,-0.067792,0.059685,-0.994330,-0.880408,0.172285,0.715893
79,0.219444,,,,,,,,-0.056113,-0.067810,0.059703,-0.994328,-0.880396,0.172290,0.715889
80,0.222222,,,,,,,,-0.056136,-0.067791,0.059720,-0.994327,-0.880400,0.172291,0.715885
81,0.225000,,,,,,,,-0.056148,-0.067781,0.059711,-0.994328,-0.880395,0.172301,0.715892
82,0.227778,,,,,,,,-0.056103,-0.067807,0.059673,-0.994331,-0.880408,0.172287,0.715891
83,0.230556,,,,,,,,-0.056095,-0.067800,0.059644,-0.994333,-0.880409,0.172284,0.715893
84,0.233333,,,,,,,,-0.056128,-0.067786,0.059695,-0.994330,-0.880400,0.172288,0.715888
85,0.236111,,,,,,,,-0.056247,-0.067839,0.059683,-0.994320,-0.880382,0.172245,0.715864
86,0.238889,,,,,,,,-0.056112,-0.067825,0.059678,-0.994329,-0.880403,0.172295,0.715884
87,0.241667,,,,,,,,-0.056106,-0.067790,0.059690,-0.994331,-0.880400,0.172308,0.715887
88,0.244444,,,,,,,,-0.056094,-0.067800,0.059646,-0.994333,-0.880413,0.172302,0.715886
89,0.247222,,,,,,,,-0.056112,-0.067812,0.059671,-0.994330,-0.880409,0.172297,0.715895
90,0.250000,,,,,,,,-0.056115,-0.067803,0.059681,-0.994330,-0.880413,0.172299,0.715894
91,0.252778,,,,,,,,-0.056139,-0.067779,0.059710,-0.994328,-0.880402,0.172304,0.715887
92,0.255556,,,,,,,,-0.056111,-0.067824,0.059705,-0.994327,-0.880411,0.172295,0.715887
93,0.258333,,,,,,,,-0.056103,-0.067823,0.059700,-0.994328,-0.880422,0.172292,0.715879
94,0.261111,,,,,,,,-0.056123,-0.067790,0.059703,-0.994329,-0.880403,0.172298,0.715885
95,0.263889,,,,,,,,-0.056108,-0.067814,0.059708,-0.994328,-0.880405,0.172298,0.715892
96,0.266667,,,,,,,,-0.056124,-0.067787,0.059691,-0.994330,-0.880397,0.172294,0.715883
97,0.269444,,,,,,,,-0.056138,-0.067781,0.059711,-0.994328,-0.880394,0.172295,0.715885
98,0.272222,,,,,,,,-0.056180,-0.067939,0.059626,-0.994320,-0.880417,0.172255,0.715859
99,0.275000,,,,,,,,-0.056125,-0.067809,0.059661,-0.994330,-0.880401,0.172289,0.715884
100,0.277778,,,,,,,,-0.056106,-0.067810,0.059668,-0.994331,-0.880410,0.172282,0.715893
101,0.280556,,,,,,,,-0.056130,-0.067785,0.059693,-0.994330,-0.880396,0.172292,0.715888
102,0.283333,,,,,,,,-0.056141,-0.067769,0.059708,-0.994329,-0.880394,0.172298,0.715892
103,0.286111,,,,,,,,,,,,,,
104,0.288889,,,,,,,,,,,,,,
105,0.291667,,,,,,,,-0.056250,-0.067843,0.059674,-0.994320,-0.880390,0.172239,0.715866
106,0.294444,,,,,,,,-0.056145,-0.067808,0.059699,-0.994327,-0.880402,0.172282,0.715883
107,0.297222,,,,,,,,-0.056140,-0.067774,0.059706,-0.994329,-0.880403,0.172288,0.715890
108,0.300000,,,,,,,,-0.056105,-0.067804,0.059678,-0.994331,-0.880407,0.172294,0.715891
109,0.302778,,,,,,,,-0.056102,-0.067788,0.059678,-0.994332,-0.880400,0.172303,0.715890
110,0.305556,,,,,,,,-0.056112,-0.067813,0.059697,-0.994329,-0.880408,0.172307,0.715892
111,0.308333,,,,,,,,-0.056130,-0.067781,0.059710,-0.994329,-0.880404,0.172310,0.715886
112,0.311111,,,,,,,,-0.056121,-0.067787,0.059694,-0.994330,-0.880400,0.172304,0.715885
113,0.313889,,,,,,,,-0.056117,-0.067798,0.059690,-0.994330,-0.880398,0.172306,0.715884
114,0.316667,,,,,,,,-0.056139,-0.067779,0.059697,-0.994329,-0.880401,0.172300,0.715884
115,0.319444,,,,,,,,-0.056126,-0.067778,0.059682,-0.994331,-0.880400,0.172297,0.715881
116,0.322222,,,,,,,,-0.056110,-0.067809,0.059674,-0.994330,-0.880408,0.172297,0.715879
117,0.325000,,,,,,,,-0.056124,-0.067796,0.059682,-0.994330,-0.880396,0.172293,0.715881
118,0.327778,,,,,,,,-0.056137,-0.067787,0.059716,-0.994328,-0.880398,0.172292,0.715883
119,0.330556,,,,,,,,-0.056116,-0.067813,0.059673,-0.994330,-0.880408,0.172293,0.715887
120,0.333333,,,,,,,,-0.056111,-0.067805,0.059690,-0.994330,-0.880399,0.172294,0.715888
121,0.336111,,,,,,,,-0.056252,-0.067790,0.059668,-0.994324,-0.880380,0.172244,0.715859
122,0.338889,,,,,,,,-0.056136,-0.067783,0.059691,-0.994330,-0.880398,0.172273,0.715878
123,0.341667,,,,,,,,-0.056135,-0.067769,0.059707,-0.994330,-0.880403,0.172285,0.715888
124,0.344444,,,,,,,,-0.056062,-0.067901,0.059633,-0.994329,-0.880435,0.172298,0.715885
125,0.347222,,,,,,,,-0.056244,-0.067823,0.059638,-0.994324,-0.880385,0.172248,0.715866
126,0.350000,,,,,,,,-0.056142,-0.067804,0.059668,-0.994329,-0.880401,0.172284,0.715888
127,0.352778,,,,,,,,-0.056095,-0.067817,0.059699,-0.994329,-0.880403,0.172296,0.715889
128,0.355556,,,,,,,,-0.056111,-0.067796,0.059690,-0.994330,-0.880404,0.172294,0.715889
129,0.358333,,,,,,,,-0.056059,-0.067915,0.059633,-0.994328,-0.880433,0.172302,0.715887
130,0.361111,,,,,,,,-0.056067,-0.067909,0.059607,-0.994330,-0.880451,0.172304,0.715882
131,0.363889,,,,,,,,-0.056233,-0.067816,0.059671,-0.994323,-0.880391,0.172259,0.715863
132,0.366667,,,,,,,,-0.056137,-0.067812,0.059675,-0.994328,-0.880403,0.172290,0.715883
133,0.369444,,,,,,,,-0.056095,-0.067818,0.059664,-0.994331,-0.880412,0.172293,0.715890
134,0.372222,,,,,,,,-0.056130,-0.067780,0.059673,-0.994331,-0.880408,0.172294,0.715884
135,0.375000,,,,,,,,-0.056115,-0.067789,0.059675,-0.994331,-0.880401,0.172301,0.715884
136,0.377778,,,,,,,,-0.056133,-0.067789,0.059696,-0.994329,-0.880408,0.172299,0.715878
137,0.380556,,,,,,,,-0.056130,-0.067777,0.059695,-0.994330,-0.880398,0.172298,0.715885
138,0.383333,,,,,,,,-0.056235,-0.067823,0.059671,-0.994322,-0.880374,0.172258,0.715861
139,0.386111,,,,,,,,-0.056152,-0.067789,0.059689,-0.994328,-0.880393,0.172280,0.715876
140,0.388889,,,,,,,,-0.056106,-0.067778,0.059686,-0.994332,-0.880396,0.172292,0.715886
141,0.391667,,,,,,,,-0.056131,-0.067780,0.059693,-0.994330,-0.880399,0.172291,0.715883
142,0.394444,,,,,,,,-0.056114,-0.067796,0.059720,-0.994328,-0.880399,0.172297,0.715886
143,0.397222,,,,,,,,-0.056116,-0.067793,0.059676,-0.994331,-0.880399,0.172291,0.715888
144,0.400000,,,,,,,,-0.056049,-0.067908,0.059629,-0.994330,-0.880442,0.172303,0.715882
145,0.402778,,,,,,,,-0.056076,-0.067850,0.059672,-0.994329,-0.880421,0.172293,0.715887
146,0.405556,,,,,,,,-0.056124,-0.067787,0.059687,-0.994330,-0.880404,0.172294,0.715888
147,0.408333,,,,,,,,-0.056116,-0.067801,0.059669,-0.994331,-0.880406,0.172296,0.715891
148,0.411111,,,,,,,,-0.056075,-0.067754,0.059722,-0.994333,-0.880379,0.172279,0.715875
149,0.413889,,,,,,,,-0.056101,-0.067778,0.059692,-0.994332,-0.880392,0.172297,0.715886
150,0.416667,,,,,,,,-0.056097,-0.067805,0.059668,-0.994332,-0.880409,0.172296,0.715889
151,0.419444,,,,,,,,-0.056080,-0.067758,0.059733,-0.994332,-0.880375,0.172275,0.715868
152,0.422222,,,,,,,,-0.056050,-0.067904,0.059639,-0.994329,-0.880427,0.172307,0.715877
153,0.425000,,,,,,,,-0.056085,-0.067850,0.059651,-0.994330,-0.880414,0.172303,0.715892
154,0.427778,,,,,,,,-0.056046,-0.067904,0.059633,-0.994330,-0.880435,0.172306,0.715882
155,0.430556,,,,,,,,-0.056114,-0.067799,0.059676,-0.994331,-0.880412,0.172300,0.715888
156,0.433333,,,,,,,,-0.056131,-0.067775,0.059683,-0.994331,-0.880399,0.172295,0.715889
157,0.436111,,,,,,,,-0.056250,-0.067808,0.059682,-0.994322,-0.880377,0.172256,0.715874
158,0.438889,,,,,,,,-0.056158,-0.067811,0.059677,-0.994327,-0.880401,0.172281,0.715886
159,0.441667,,,,,,,,-0.056137,-0.067781,0.059680,-0.994330,-0.880397,0.172295,0.715886
160,0.444444,,,,,,,,-0.056133,-0.067765,0.059684,-0.994331,-0.880400,0.172295,0.715888
161,0.447222,,,,,,,,-0.056126,-0.067774,0.059689,-0.994331,-0.880401,0.172289,0.715884
162,0.450000,,,,,,,,-0.056130,-0.067776,0.059693,-0.994330,-0.880403,0.172295,0.715889
163,0.452778,,,,,,,,-0.056117,-0.067787,0.059695,-0.994330,-0.880401,0.172292,0.715883
164,0.455556,,,,,,,,-0.056145,-0.067767,0.059687,-0.994330,-0.880401,0.172299,0.715884
165,0.458333,,,,,,,,-0.056142,-0.067766,0.059669,-0.994332,-0.880401,0.172298,0.715884
166,0.461111,,,,,,,,-0.056124,-0.067775,0.059690,-0.994331,-0.880399,0.172298,0.715885
167,0.463889,,,,,,,,-0.056064,-0.067892,0.059621,-0.994330,-0.880433,0.172310,0.715884
168,0.466667,,,,,,,,-0.056156,-0.067964,0.059579,-0.994323,-0.880429,0.172273,0.715863
169,0.469444,,,,,,,,-0.056122,-0.067848,0.059657,-0.994328,-0.880415,0.172285,0.715881
170,0.472222,,,,,,,,-0.056112,-0.067799,0.059678,-0.994331,-0.880404,0.172300,0.715886
171,0.475000,,,,,,,,-0.056124,-0.067782,0.059679,-0.994331,-0.880404,0.172293,0.715887
172,0.477778,,,,,,,,-0.056122,-0.067796,0.059689,-0.994330,-0.880398,0.172293,0.715885
173,0.480556,,,,,,,,-0.056128,-0.067795,0.059673,-0.994330,-0.880396,0.172296,0.715885
174,0.483333,,,,,,,,-0.056113,-0.067791,0.059677,-0.994331,-0.880404,0.172290,0.715892
175,0.486111,,,,,,,,-0.056115,-0.067784,0.059693,-0.994331,-0.880405,0.172286,0.715887
176,0.488889,,,,,,,,-0.056154,-0.067778,0.059624,-0.994333,-0.880430,0.172338,0.715919
177,0.491667,,,,,,,,-0.056135,-0.067808,0.059671,-0.994329,-0.880416,0.172300,0.715895
178,0.494444,,,,,,,,-0.056120,-0.067802,0.059677,-0.994330,-0.880413,0.172284,0.715888
179,0.497222,,,,,,,,-0.056077,-0.067760,0.059719,-0.994333,-0.880380,0.172263,0.715873
180,0.500000,,,,,,,,-0.056106,-0.067778,0.059687,-0.994332,-0.880401,0.172277,0.715882
181,0.502778,,,,,,,,-0.056220,-0.067834,0.059674,-0.994322,-0.880387,0.172252,0.715868
182,0.505556,,,,,,,,-0.056108,-0.067775,0.059719,-0.994330,-0.880373,0.172253,0.715862
183,0.508333,,,,,,,,-0.056096,-0.067803,0.059696,-0.994330,-0.880398,0.172279,0.715885
184,0.511111,,,,,,,,-0.056158,-0.067777,0.059614,-0.994333,-0.880414,0.172350,0.715913
185,0.513889,,,,,,,,-0.056113,-0.067795,0.059648,-0.994333,-0.880408,0.172315,0.715896
186,0.516667,,,,,,,,-0.056098,-0.067820,0.059668,-0.994331,-0.880413,0.172293,0.715890
187,0.519444,,,,,,,,-0.056107,-0.067788,0.059683,-0.994331,-0.880407,0.172297,0.715890
188,0.522222,,,,,,,,-0.056123,-0.067764,0.059664,-0.994333,-0.880402,0.172297,0.715886
189,0.525000,,,,,,,,-0.056117,-0.067775,0.059683,-0.994332,-0.880400,0.172298,0.715884
190,0.527778,,,,,,,,-0.056116,-0.067796,0.059677,-0.994331,-0.880409,0.172298,0.715885
191,0.530556,,,,,,,,-0.056132,-0.067778,0.059680,-0.994331,-0.880405,0.172294,0.715887
192,0.533333,,,,,,,,-0.056129,-0.067807,0.059701,-0.994328,-0.880408,0.172296,0.715889
193,0.536111,,,,,,,,-0.056239,-0.067825,0.059688,-0.994321,-0.880385,0.172263,0.715876
194,0.538889,,,,,,,,-0.056160,-0.067791,0.059678,-0.994328,-0.880397,0.172279,0.715878
195,0.541667,,,,,,,,-0.056107,-0.067809,0.059682,-0.994330,-0.880406,0.172297,0.715889
196,0.544444,,,,,,,,-0.056106,-0.067798,0.059690,-0.994330,-0.880400,0.172293,0.715886
197,0.547222,,,,,,,,-0.056126,-0.067801,0.059702,-0.994328,-0.880397,0.172288,0.715888
198,0.550000,,,,,,,,-0.056135,-0.067800,0.059710,-0.994327,-0.880393,0.172292,0.715892
199,0.552778,,,,,,,,-0.056069,-0.067900,0.059652,-0.994328,-0.880429,0.172303,0.715887
200,0.555556,,,,,,,,-0.056088,-0.067857,0.059663,-0.994329,-0.880419,0.172296,0.715887
201,0.558333,,,,,,,,-0.056130,-0.067795,0.059694,-0.994329,-0.880399,0.172295,0.715889
202,0.561111,,,,,,,,-0.056116,-0.067795,0.059667,-0.994331,-0.880412,0.172289,0.715888
203,0.563889,,,,,,,,-0.056216,-0.067807,0.059669,-0.994325,-0.880385,0.172260,0.715866
204,0.566667,,,,,,,,-0.056133,-0.067819,0.059677,-0.994328,-0.880400,0.172278,0.715879
205,0.569444,,,,,,,,-0.056096,-0.067808,0.059677,-0.994331,-0.880410,0.172296,0.715891
206,0.572222,,,,,,,,-0.056108,-0.067799,0.059679,-0.994331,-0.880406,0.172296,0.715890
207,0.575000,,,,,,,,-0.056122,-0.067782,0.059680,-0.994331,-0.880405,0.172291,0.715890
208,0.577778,,,,,,,,-0.056166,-0.067921,0.059607,-0.994323,-0.880419,0.172260,0.715863
209,0.580556,,,,,,,,-0.056142,-0.067865,0.059652,-0.994326,-0.880415,0.172275,0.715878
210,0.583333,,,,,,,,-0.056126,-0.067736,0.059653,-0.994336,-0.880395,0.172324,0.715896
211,0.586111,,,,,,,,-0.056131,-0.067742,0.059685,-0.994333,-0.880395,0.172309,0.715889
212,0.588889,,,,,,,,-0.056054,-0.067889,0.059627,-0.994331,-0.880435,0.172302,0.715882
213,0.591667,,,,,,,,-0.056111,-0.067820,0.059660,-0.994330,-0.880415,0.172300,0.715886
214,0.594444,,,,,,,,-0.056092,-0.067886,0.059655,-0.994327,-0.880439,0.172301,0.715884
215,0.597222,,,,,,,,-0.056112,-0.067838,0.059692,-0.994327,-0.880421,0.172293,0.715881
216,0.600000,,,,,,,,-0.056140,-0.067783,0.059709,-0.994328,-0.880400,0.172297,0.715885
217,0.602778,,,,,,,,-0.056072,-0.067877,0.059635,-0.994330,-0.880433,0.172303,0.715882
218,0.605556,,,,,,,,-0.056098,-0.067856,0.059684,-0.994327,-0.880415,0.172301,0.715882
219,0.608333,,,,,,,,-0.056137,-0.067784,0.059708,-0.994328,-0.880402,0.172296,0.715884
220,0.611111,,,,,,,,-0.056139,-0.067785,0.059711,-0.994328,-0.880401,0.172291,0.715884
221,0.613889,,,,,,,,-0.056130,-0.067783,0.059691,-0.994330,-0.880405,0.172286,0.715884
222,0.616667,,,,,,,,-0.056129,-0.067786,0.059674,-0.994331,-0.880404,0.172291,0.715892
223,0.619444,,,,,,,,-0.056107,-0.067808,0.059689,-0.994330,-0.880406,0.172292,0.715891
224,0.622222,,,,,,,,-0.056058,-0.067892,0.059627,-0.994330,-0.880441,0.172295,0.715887
225,0.625000,,,,,,,,-0.056206,-0.067852,0.059653,-0.994323,-0.880400,0.172258,0.715871
226,0.627778,,,,,,,,-0.056188,-0.067783,0.059683,-0.994327,-0.880389,0.172277,0.715882
227,0.630556,,,,,,,,-0.056055,-0.067879,0.059619,-0.994332,-0.880436,0.172294,0.715883
228,0.633333,,,,,,,,-0.056083,-0.067832,0.059654,-0.994331,-0.880417,0.172298,0.715886
229,0.636111,,,,,,,,-0.056055,-0.067422,0.059197,-0.994388,-0.880256,0.172367,0.715950
230,0.638889,,,,,,,,-0.056089,-0.067618,0.059441,-0.994358,-0.880339,0.172326,0.715919
231,0.641667,,,,,,,,-0.056118,-0.067792,0.059675,-0.994331,-0.880402,0.172301,0.715890
232,0.644444,,,,,,,,-0.056121,-0.067778,0.059666,-0.994332,-0.880399,0.172298,0.715886
233,0.647222,,,,,,,,-0.056124,-0.067790,0.059702,-0.994329,-0.880401,0.172295,0.715885
234,0.650000,,,,,,,,-0.056116,-0.067803,0.059699,-0.994329,-0.880399,0.172294,0.715882
235,0.652778,,,,,,,,-0.056117,-0.067802,0.059709,-0.994328,-0.880403,0.172298,0.715880
236,0.655556,,,,,,,,-0.056124,-0.067796,0.059693,-0.994329,-0.880409,0.172296,0.715884
237,0.658333,,,,,,,,-0.056118,-0.067799,0.059683,-0.994330,-0.880400,0.172297,0.715886
238,0.661111,,,,,,,,-0.056103,-0.067815,0.059680,-0.994330,-0.880401,0.172300,0.715891
239,0.663889,,,,,,,,-0.056056,-0.067883,0.059615,-0.994332,-0.880434,0.172304,0.715885
240,0.666667,,,,,,,,-0.056089,-0.067835,0.059633,-0.994332,-0.880426,0.172302,0.715889
241,0.669444,,,,,,,,-0.056133,-0.067779,0.059674,-0.994331,-0.880404,0.172302,0.715891
242,0.672222,,,,,,,,-0.056148,-0.067767,0.059689,-0.994330,-0.880399,0.172303,0.715893
243,0.675000,,,,,,,,-0.056073,-0.067869,0.059642,-0.994330,-0.880433,0.172295,0.715881
244,0.677778,,,,,,,,-0.056084,-0.067841,0.059662,-0.994330,-0.880417,0.172301,0.715886
245,0.680556,,,,,,,,-0.056110,-0.067786,0.059678,-0.994332,-0.880400,0.172298,0.715891
246,0.683333,,,,,,,,-0.056078,-0.067878,0.059639,-0.994329,-0.880432,0.172304,0.715885
247,0.686111,,,,,,,,-0.056106,-0.067845,0.059666,-0.994329,-0.880420,0.172295,0.715885
248,0.688889,,,,,,,,-0.056118,-0.067783,0.059687,-0.994331,-0.880410,0.172291,0.715887
249,0.691667,,,,,,,,-0.056119,-0.067783,0.059688,-0.994331,-0.880406,0.172295,0.715889
250,0.694444,,,,,,,,-0.056052,-0.067876,0.059626,-0.994332,-0.880431,0.172303,0.715885
251,0.697222,,,,,,,,-0.056090,-0.067855,0.059680,-0.994328,-0.880422,0.172302,0.715886
252,0.700000,,,,,,,,-0.056084,-0.067748,0.059776,-0.994330,-0.880364,0.172259,0.715862
253,0.702778,,,,,,,,-0.056115,-0.067759,0.059750,-0.994329,-0.880381,0.172274,0.715872
254,0.705556,,,,,,,,-0.056137,-0.067788,0.059712,-0.994328,-0.880405,0.172295,0.715886
255,0.708333,,,,,,,,-0.056031,-0.067517,0.059179,-0.994384,-0.880292,0.172364,0.715936
256,0.711111,,,,,,,,-0.056083,-0.067614,0.059389,-0.994362,-0.880338,0.172341,0.715917
257,0.713889,,,,,,,,-0.056127,-0.067790,0.059674,-0.994331,-0.880411,0.172295,0.715886
258,0.716667,,,,,,,,-0.056136,-0.067783,0.059690,-0.994330,-0.880408,0.172295,0.715882
259,0.719444,,,,,,,,-0.056136,-0.067770,0.059673,-0.994331,-0.880403,0.172298,0.715880
260,0.722222,,,,,,,,-0.056078,-0.067866,0.059638,-0.994330,-0.880432,0.172304,0.715877
261,0.725000,,,,,,,,-0.056086,-0.067845,0.059667,-0.994330,-0.880432,0.172299,0.715881
262,0.727778,,,,,,,,-0.056219,-0.067809,0.059613,-0.994328,-0.880410,0.172309,0.715888
263,0.730556,,,,,,,,-0.056189,-0.067800,0.059653,-0.994328,-0.880401,0.172309,0.715891
264,0.733333,,,,,,,,-0.056109,-0.067772,0.059676,-0.994333,-0.880403,0.172297,0.715888
265,0.736111,,,,,,,,-0.056061,-0.067871,0.059640,-0.994331,-0.880436,0.172296,0.715884
266,0.738889,,,,,,,,-0.056071,-0.067864,0.059661,-0.994330,-0.880428,0.172292,0.715885
267,0.741667,,,,,,,,-0.056111,-0.067802,0.059692,-0.994330,-0.880411,0.172295,0.715886
268,0.744444,,,,,,,,-0.056115,-0.067789,0.059702,-0.994330,-0.880406,0.172297,0.715886
269,0.747222,,,,,,,,-0.056112,-0.067798,0.059691,-0.994330,-0.880413,0.172286,0.715887
270,0.750000,,,,,,,,-0.056125,-0.067794,0.059679,-0.994330,-0.880405,0.172290,0.715891
271,0.752778,,,,,,,,-0.056116,-0.067805,0.059678,-0.994330,-0.880405,0.172294,0.715894
272,0.755556,,,,,,,,-0.056125,-0.067788,0.059687,-0.994330,-0.880404,0.172294,0.715891
273,0.758333,,,,,,,,-0.056138,-0.067780,0.059694,-0.994330,-0.880401,0.172288,0.715884
274,0.761111,,,,,,,,-0.056070,-0.067877,0.059649,-0.994329,-0.880430,0.172294,0.715883
275,0.763889,,,,,,,,-0.056081,-0.067837,0.059652,-0.994331,-0.880421,0.172293,0.715885
276,0.766667,,,,,,,,-0.056126,-0.067785,0.059684,-0.994330,-0.880410,0.172290,0.715888
277,0.769444,,,,,,,,-0.056129,-0.067785,0.059676,-0.994331,-0.880404,0.172295,0.715893
278,0.772222,,,,,,,,-0.056113,-0.067789,0.059676,-0.994331,-0.880401,0.172296,0.715890
279,0.775000,,,,,,,,-0.056115,-0.067798,0.059702,-0.994329,-0.880402,0.172295,0.715887
280,0.777778,,,,,,,,-0.056116,-0.067787,0.059702,-0.994330,-0.880401,0.172291,0.715880
281,0.780556,,,,,,,,-0.056079,-0.067850,0.059638,-0.994331,-0.880432,0.172300,0.715879
282,0.783333,,,,,,,,-0.056074,-0.067800,0.059688,-0.994332,-0.880404,0.172283,0.715869
283,0.786111,,,,,,,,-0.056115,-0.067762,0.059701,-0.994332,-0.880387,0.172285,0.715875
284,0.788889,,,,,,,,-0.056070,-0.067755,0.059729,-0.994333,-0.880374,0.172263,0.715862
285,0.791667,,,,,,,,-0.056086,-0.067756,0.059723,-0.994332,-0.880383,0.172275,0.715871
286,0.794444,,,,,,,,-0.056099,-0.067817,0.059689,-0.994330,-0.880405,0.172296,0.715887
287,0.797222,,,,,,,,-0.056117,-0.067807,0.059682,-0.994330,-0.880406,0.172297,0.715892
288,0.800000,,,,,,,,-0.056136,-0.067776,0.059682,-0.994331,-0.880404,0.172295,0.715890
289,0.802778,,,,,,,,-0.056128,-0.067785,0.059685,-0.994330,-0.880400,0.172294,0.715885
290,0.805556,,,,,,,,-0.056081,-0.067863,0.059634,-0.994331,-0.880427,0.172303,0.715883
291,0.808333,,,,,,,,-0.056044,-0.067928,0.059613,-0.994330,-0.880450,0.172302,0.715882
292,0.811111,,,,,,,,-0.056093,-0.067849,0.059664,-0.994329,-0.880423,0.172294,0.715886
293,0.813889,,,,,,,,-0.056118,-0.067790,0.059690,-0.994330,-0.880402,0.172292,0.715892
294,0.816667,,,,,,,,-0.056117,-0.067780,0.059673,-0.994332,-0.880399,0.172292,0.715888
295,0.819444,,,,,,,,-0.056109,-0.067771,0.059667,-0.994333,-0.880402,0.172284,0.715884
296,0.822222,,,,,,,,-0.056105,-0.067779,0.059674,-0.994333,-0.880412,0.172284,0.715889
297,0.825000,,,,,,,,-0.056113,-0.067788,0.059688,-0.994331,-0.880407,0.172293,0.715888
298,0.827778,,,,,,,,-0.056187,-0.067823,0.059693,-0.994324,-0.880390,0.172264,0.715876
299,0.830556,,,,,,,,-0.056178,-0.067818,0.059689,-0.994325,-0.880391,0.172275,0.715884
300,0.833333,,,,,,,,-0.056135,-0.067776,0.059678,-0.994331,-0.880405,0.172293,0.715892
301,0.836111,,,,,,,,-0.056133,-0.067774,0.059691,-0.994330,-0.880401,0.172289,0.715890
302,0.838889,,,,,,,,-0.056119,-0.067793,0.059691,-0.994330,-0.880403,0.172294,0.715893
303,0.841667,,,,,,,,-0.056113,-0.067793,0.059682,-0.994331,-0.880407,0.172294,0.715888
304,0.844444,,,,,,,,-0.056110,-0.067785,0.059691,-0.994331,-0.880409,0.172293,0.715883
305,0.847222,,,,,,,,-0.056100,-0.067800,0.059708,-0.994329,-0.880409,0.172292,0.715884
306,0.850000,,,,,,,,-0.056069,-0.067486,0.059303,-0.994377,-0.880281,0.172353,0.715932
307,0.852778,,,,,,,,-0.056042,-0.067610,0.059326,-0.994369,-0.880335,0.172345,0.715917
308,0.855556,,,,,,,,-0.056095,-0.067828,0.059641,-0.994332,-0.880423,0.172296,0.715883
309,0.858333,,,,,,,,-0.056125,-0.067790,0.059674,-0.994331,-0.880408,0.172294,0.715888
310,0.861111,,,,,,,,-0.056064,-0.067752,0.059754,-0.994332,-0.880374,0.172261,0.715864
311,0.863889,,,,,,,,-0.056077,-0.067767,0.059742,-0.994331,-0.880380,0.172265,0.715869
312,0.866667,,,,,,,,-0.056120,-0.067799,0.059688,-0.994330,-0.880411,0.172283,0.715887
313,0.869444,,,,,,,,-0.056114,-0.067792,0.059692,-0.994330,-0.880407,0.172290,0.715884
314,0.872222,,,,,,,,-0.056060,-0.067874,0.059629,-0.994331,-0.880433,0.172295,0.715883
315,0.875000,,,,,,,,-0.056055,-0.067871,0.059620,-0.994332,-0.880431,0.172296,0.715887
316,0.877778,,,,,,,,-0.056115,-0.067801,0.059680,-0.994330,-0.880402,0.172299,0.715888
317,0.880556,,,,,,,,-0.056123,-0.067795,0.059686,-0.994330,-0.880403,0.172291,0.715889
318,0.883333,,,,,,,,-0.056074,-0.067859,0.059631,-0.994331,-0.880435,0.172293,0.715881
319,0.886111,,,,,,,,-0.056091,-0.067846,0.059662,-0.994330,-0.880430,0.172300,0.715884
320,0.888889,,,,,,,,-0.056087,-0.067867,0.059658,-0.994328,-0.880434,0.172300,0.715888
321,0.891667,,,,,,,,-0.056043,-0.067924,0.059601,-0.994331,-0.880455,0.172297,0.715882
322,0.894444,,,,,,,,-0.056091,-0.067857,0.059654,-0.994329,-0.880435,0.172290,0.715885
323,0.897222,,,,,,,,-0.056130,-0.067785,0.059686,-0.994330,-0.880414,0.172283,0.715886
324,0.900000,,,,,,,,-0.056116,-0.067789,0.059670,-0.994331,-0.880411,0.172286,0.715887
325,0.902778,,,,,,,,-0.056132,-0.067788,0.059677,-0.994330,-0.880407,0.172294,0.715889
326,0.905556,,,,,,,,-0.056134,-0.067783,0.059688,-0.994330,-0.880402,0.172290,0.715888
327,0.908333,,,,,,,,-0.056120,-0.067798,0.059681,-0.994330,-0.880408,0.172285,0.715886
328,0.911111,,,,,,,,-0.056115,-0.067787,0.059675,-0.994331,-0.880407,0.172290,0.715884
329,0.913889,,,,,,,,-0.056120,-0.067772,0.059681,-0.994332,-0.880398,0.172293,0.715885
330,0.916667,,,,,,,,-0.056126,-0.067778,0.059696,-0.994330,-0.880396,0.172294,0.715887
331,0.919444,,,,,,,,-0.056130,-0.067780,0.059697,-0.994330,-0.880403,0.172293,0.715888
332,0.922222,,,,,,,,-0.056128,-0.067783,0.059696,-0.994330,-0.880408,0.172289,0.715888
333,0.925000,,,,,,,,-0.056122,-0.067786,0.059697,-0.994330,-0.880405,0.172290,0.715887
334,0.927778,,,,,,,,-0.056120,-0.067783,0.059674,-0.994331,-0.880412,0.172286,0.715888
335,0.930556,,,,,,,,-0.056188,-0.067791,0.059666,-0.994328,-0.880395,0.172259,0.715876
336,0.933333,,,,,,,,-0.056146,-0.067754,0.059741,-0.994328,-0.880361,0.172233,0.715855
337,0.936111,,,,,,,,-0.056163,-0.067770,0.059727,-0.994327,-0.880368,0.172239,0.715854
338,0.938889,,,,,,,,-0.056181,-0.067811,0.059662,-0.994327,-0.880399,0.172268,0.715875
339,0.941667,,,,,,,,-0.056097,-0.067802,0.059678,-0.994331,-0.880414,0.172287,0.715891
340,0.944444,,,,,,,,-0.056062,-0.067871,0.059648,-0.994330,-0.880435,0.172291,0.715889
341,0.947222,,,,,,,,-0.056079,-0.067859,0.059647,-0.994330,-0.880428,0.172293,0.715882
342,0.950000,,,,,,,,-0.056073,-0.067857,0.059627,-0.994332,-0.880431,0.172290,0.715881
343,0.952778,,,,,,,,-0.056077,-0.067850,0.059636,-0.994332,-0.880427,0.172296,0.715886
344,0.955556,,,,,,,,-0.056129,-0.067770,0.059686,-0.994331,-0.880404,0.172292,0.715886
345,0.958333,,,,,,,,-0.056123,-0.067781,0.059677,-0.994331,-0.880413,0.172286,0.715887
346,0.961111,,,,,,,,-0.056191,-0.067814,0.059681,-0.994325,-0.880395,0.172267,0.715876
347,0.963889,,,,,,,,-0.056189,-0.067802,0.059684,-0.994326,-0.880388,0.172273,0.715873
348,0.966667,,,,,,,,-0.056127,-0.067779,0.059696,-0.994330,-0.880401,0.172296,0.715887
349,0.969444,,,,,,,,-0.056134,-0.067787,0.059685,-0.994330,-0.880406,0.172292,0.715887
350,0.972222,,,,,,,,-0.056085,-0.067858,0.059629,-0.994331,-0.880431,0.172294,0.715883
351,0.975000,,,,,,,,-0.056080,-0.067861,0.059651,-0.994330,-0.880426,0.172292,0.715887
352,0.977778,,,,,,,,-0.056126,-0.067791,0.059699,-0.994329,-0.880403,0.172288,0.715889
353,0.980556,,,,,,,,-0.056095,-0.067843,0.059647,-0.994330,-0.880429,0.172293,0.715886
354,0.983333,,,,,,,,-0.056052,-0.067910,0.059591,-0.994332,-0.880452,0.172294,0.715884
355,0.986111,,,,,,,,-0.056086,-0.067846,0.059642,-0.994331,-0.880427,0.172288,0.715886
356,0.988889,,,,,,,,-0.056112,-0.067786,0.059686,-0.994331,-0.880410,0.172288,0.715890
357,0.991667,,,,,,,,-0.056109,-0.067802,0.059670,-0.994331,-0.880420,0.172285,0.715890
358,0.994444,,,,,,,,-0.056076,-0.067862,0.059641,-0.994331,-0.880438,0.172289,0.715884
359,0.997222,,,,,,,,-0.056077,-0.067856,0.059637,-0.994331,-0.880431,0.172296,0.715883
360,1.000000,,,,,,,,-0.056106,-0.067802,0.059671,-0.994331,-0.880409,0.172295,0.715886
361,1.002778,,,,,,,,-0.056106,-0.067809,0.059689,-0.994330,-0.880406,0.172294,0.715886
362,1.005556,,,,,,,,-0.056116,-0.067799,0.059690,-0.994330,-0.880406,0.172292,0.715890
363,1.008333,,,,,,,,-0.056021,-0.067594,0.059287,-0.994373,-0.880320,0.172348,0.715923
364,1.011111,,,,,,,,-0.055982,-0.067632,0.059207,-0.994377,-0.880334,0.172356,0.715921
365,1.013889,,,,,,,,-0.056078,-0.067857,0.059639,-0.994331,-0.880428,0.172301,0.715886
366,1.016667,,,,,,,,-0.056139,-0.067780,0.059699,-0.994329,-0.880399,0.172298,0.715890
367,1.019444,,,,,,,,-0.056123,-0.067797,0.059676,-0.994330,-0.880409,0.172290,0.715886
368,1.022222,,,,,,,,-0.056119,-0.067804,0.059678,-0.994330,-0.880412,0.172290,0.715885
369,1.025000,,,,,,,,-0.056146,-0.067768,0.059697,-0.994330,-0.880400,0.172296,0.715883
370,1.027778,,,,,,,,-0.056133,-0.067764,0.059689,-0.994331,-0.880400,0.172294,0.715885
371,1.030556,,,,,,,,-0.056124,-0.067767,0.059680,-0.994332,-0.880406,0.172290,0.715888
372,1.033333,,,,,,,,-0.056117,-0.067780,0.059671,-0.994332,-0.880410,0.172289,0.715891
373,1.036111,,,,,,,,-0.056121,-0.067782,0.059680,-0.994331,-0.880408,0.172287,0.715891
374,1.038889,,,,,,,,-0.056084,-0.067740,0.059745,-0.994332,-0.880380,0.172261,0.715868
375,1.041667,,,,,,,,-0.056077,-0.067736,0.059746,-0.994333,-0.880371,0.172258,0.715862
376,1.044444,,,,,,,,-0.056118,-0.067793,0.059687,-0.994330,-0.880404,0.172288,0.715889
377,1.047222,,,,,,,,-0.056103,-0.067819,0.059690,-0.994329,-0.880413,0.172286,0.715890
378,1.050000,,,,,,,,-0.056087,-0.067823,0.059684,-0.994330,-0.880415,0.172288,0.715885
379,1.052778,,,,,,,,-0.056102,-0.067804,0.059691,-0.994330,-0.880407,0.172294,0.715886
380,1.055556,,,,,,,,-0.056141,-0.067778,0.059699,-0.994329,-0.880397,0.172296,0.715884
381,1.058333,,,,,,,,-0.056120,-0.067783,0.059684,-0.994331,-0.880401,0.172293,0.715885
382,1.061111,,,,,,,,-0.056132,-0.067776,0.059648,-0.994333,-0.880416,0.172326,0.715902
383,1.063889,,,,,,,,-0.056147,-0.067773,0.059631,-0.994333,-0.880416,0.172337,0.715906
384,1.066667,,,,,,,,-0.056125,-0.067783,0.059678,-0.994331,-0.880403,0.172297,0.715886
385,1.069444,,,,,,,,-0.056096,-0.067514,0.059366,-0.994370,-0.880301,0.172340,0.715924
386,1.072222,,,,,,,,-0.056075,-0.067469,0.059286,-0.994379,-0.880280,0.172349,0.715934
387,1.075000,,,,,,,,-0.056092,-0.067817,0.059664,-0.994331,-0.880414,0.172289,0.715891
388,1.077778,,,,,,,,-0.056099,-0.067805,0.059673,-0.994331,-0.880410,0.172294,0.715886
389,1.080556,,,,,,,,-0.056105,-0.067807,0.059673,-0.994331,-0.880408,0.172293,0.715888
390,1.083333,,,,,,,,-0.056109,-0.067804,0.059675,-0.994331,-0.880408,0.172284,0.715895
391,1.086111,,,,,,,,-0.056085,-0.067847,0.059653,-0.994330,-0.880424,0.172293,0.715890
392,1.088889,,,,,,,,-0.056077,-0.067865,0.059643,-0.994330,-0.880433,0.172294,0.715886
393,1.091667,,,,,,,,-0.056087,-0.067849,0.059646,-0.994331,-0.880425,0.172290,0.715885
394,1.094444,,,,,,,,-0.056090,-0.067857,0.059641,-0.994330,-0.880428,0.172293,0.715883
395,1.097222,,,,,,,,-0.056126,-0.067789,0.059687,-0.994330,-0.880407,0.172287,0.715886
396,1.100000,,,,,,,,-0.056120,-0.067808,0.059635,-0.994332,-0.880423,0.172316,0.715904
397,1.102778,,,,,,,,-0.056128,-0.067802,0.059612,-0.994333,-0.880420,0.172329,0.715907
398,1.105556,,,,,,,,-0.056103,-0.067813,0.059674,-0.994330,-0.880409,0.172287,0.715885
399,1.108333,,,,,,,,-0.056126,-0.067801,0.059690,-0.994329,-0.880413,0.172286,0.715884
400,1.111111,,,,,,,,-0.056129,-0.067796,0.059694,-0.994329,-0.880411,0.172290,0.715883
401,1.113889,,,,,,,,-0.056080,-0.067861,0.059639,-0.994331,-0.880426,0.172299,0.715884
402,1.116667,,,,,,,,-0.056081,-0.067863,0.059640,-0.994330,-0.880432,0.172299,0.715883
403,1.119444,,,,,,,,-0.056092,-0.067851,0.059660,-0.994329,-0.880426,0.172295,0.715880
404,1.122222,,,,,,,,-0.056034,-0.067931,0.059579,-0.994332,-0.880456,0.172297,0.715876
405,1.125000,,,,,,,,-0.056060,-0.067870,0.059611,-0.994333,-0.880437,0.172295,0.715884
406,1.127778,,,,,,,,-0.056110,-0.067787,0.059656,-0.994333,-0.880409,0.172291,0.715887
407,1.130556,,,,,,,,-0.056104,-0.067787,0.059659,-0.994333,-0.880410,0.172283,0.715887
408,1.133333,,,,,,,,-0.056102,-0.067799,0.059662,-0.994332,-0.880412,0.172280,0.715887
409,1.136111,,,,,,,,-0.056112,-0.067799,0.059672,-0.994331,-0.880410,0.172287,0.715886
410,1.138889,,,,,,,,-0.056120,-0.067786,0.059693,-0.994330,-0.880406,0.172295,0.715887
411,1.141667,,,,,,,,-0.056127,-0.067768,0.059684,-0.994331,-0.880399,0.172294,0.715884
412,1.144444,,,,,,,,-0.056128,-0.067756,0.059682,-0.994332,-0.880398,0.172292,0.715882
413,1.147222,,,,,,,,-0.056125,-0.067784,0.059695,-0.994330,-0.880403,0.172293,0.715888
414,1.150000,,,,,,,,-0.056102,-0.067802,0.059669,-0.994331,-0.880413,0.172289,0.715892
415,1.152778,,,,,,,,-0.056065,-0.067846,0.059624,-0.994333,-0.880430,0.172289,0.715887
416,1.155556,,,,,,,,-0.056070,-0.067868,0.059632,-0.994331,-0.880440,0.172288,0.715884
417,1.158333,,,,,,,,-0.056115,-0.067794,0.059678,-0.994331,-0.880414,0.172283,0.715888
418,1.161111,,,,,,,,-0.056122,-0.067778,0.059668,-0.994332,-0.880404,0.172290,0.715887
419,1.163889,,,,,,,,-0.056093,-0.067823,0.059641,-0.994332,-0.880420,0.172300,0.715880
420,1.166667,,,,,,,,-0.056055,-0.067910,0.059609,-0.994330,-0.880452,0.172306,0.715880
421,1.169444,,,,,,,,-0.056091,-0.067860,0.059641,-0.994330,-0.880432,0.172301,0.715885
422,1.172222,,,,,,,,-0.056133,-0.067770,0.059683,-0.994331,-0.880402,0.172293,0.715883
423,1.175000,,,,,,,,-0.056129,-0.067779,0.059693,-0.994330,-0.880401,0.172292,0.715883
424,1.177778,,,,,,,,-0.056115,-0.067792,0.059682,-0.994331,-0.880411,0.172292,0.715886
425,1.180556,,,,,,,,-0.056096,-0.067810,0.059678,-0.994331,-0.880417,0.172289,0.715888
426,1.183333,,,,,,,,-0.056118,-0.067803,0.059691,-0.994329,-0.880408,0.172293,0.715889
427,1.186111,,,,,,,,-0.056099,-0.067839,0.059654,-0.994330,-0.880423,0.172294,0.715884
428,1.188889,,,,,,,,-0.056075,-0.067866,0.059638,-0.994330,-0.880437,0.172292,0.715881
429,1.191667,,,,,,,,-0.056095,-0.067838,0.059660,-0.994330,-0.880426,0.172290,0.715886
430,1.194444,,,,,,,,-0.056086,-0.067859,0.059629,-0.994331,-0.880437,0.172295,0.715882
431,1.197222,,,,,,,,-0.056128,-0.067775,0.059676,-0.994331,-0.880406,0.172293,0.715881
432,1.200000,,,,,,,,-0.056118,-0.067784,0.059682,-0.994331,-0.880402,0.172293,0.715883
433,1.202778,,,,,,,,-0.056133,-0.067789,0.059703,-0.994329,-0.880408,0.172287,0.715889
434,1.205556,,,,,,,,-0.056110,-0.067813,0.059690,-0.994329,-0.880416,0.172283,0.715888
435,1.208333,,,,,,,,-0.056081,-0.067857,0.059636,-0.994331,-0.880431,0.172289,0.715885
436,1.211111,,,,,,,,-0.056079,-0.067863,0.059626,-0.994331,-0.880440,0.172293,0.715882
437,1.213889,,,,,,,,-0.056106,-0.067795,0.059665,-0.994332,-0.880417,0.172282,0.715891
438,1.216667,,,,,,,,-0.056104,-0.067793,0.059682,-0.994331,-0.880412,0.172283,0.715890
439,1.219444,,,,,,,,-0.056110,-0.067795,0.059701,-0.994330,-0.880408,0.172285,0.715889
440,1.222222,,,,,,,,-0.056171,-0.067802,0.059670,-0.994328,-0.880400,0.172265,0.715879
441,1.225000,,,,,,,,-0.056211,-0.067807,0.059664,-0.994325,-0.880394,0.172247,0.715873
442,1.227778,,,,,,,,-0.056112,-0.067784,0.059668,-0.994332,-0.880408,0.172288,0.715892
443,1.230556,,,,,,,,-0.056121,-0.067798,0.059678,-0.994330,-0.880412,0.172292,0.715893
444,1.233333,,,,,,,,-0.056123,-0.067789,0.059685,-0.994330,-0.880410,0.172290,0.715888
445,1.236111,,,,,,,,-0.056078,-0.067751,0.059691,-0.994335,-0.880392,0.172263,0.715873
446,1.238889,,,,,,,,-0.056054,-0.067705,0.059759,-0.994335,-0.880364,0.172238,0.715856
447,1.241667,,,,,,,,-0.056105,-0.067750,0.059716,-0.994332,-0.880390,0.172269,0.715873
448,1.244444,,,,,,,,-0.056128,-0.067782,0.059679,-0.994331,-0.880405,0.172286,0.715883
449,1.247222,,,,,,,,-0.056122,-0.067788,0.059689,-0.994330,-0.880402,0.172291,0.715884
450,1.250000,,,,,,,,-0.056115,-0.067785,0.059673,-0.994332,-0.880406,0.172292,0.715885
451,1.252778,,,,,,,,-0.056107,-0.067788,0.059677,-0.994332,-0.880412,0.172285,0.715889
452,1.255556,,,,,,,,-0.056082,-0.067595,0.059426,-0.994361,-0.880334,0.172314,0.715918
453,1.258333,,,,,,,,-0.056086,-0.067410,0.059215,-0.994386,-0.880262,0.172348,0.715938
454,1.261111,,,,,,,,-0.056085,-0.067823,0.059636,-0.994333,-0.880428,0.172282,0.715886
455,1.263889,,,,,,,,-0.056045,-0.067910,0.059593,-0.994332,-0.880449,0.172294,0.715880
456,1.266667,,,,,,,,-0.056071,-0.067876,0.059628,-0.994331,-0.880433,0.172291,0.715879
457,1.269444,,,,,,,,-0.056133,-0.067781,0.059681,-0.994331,-0.880407,0.172285,0.715889
458,1.272222,,,,,,,,-0.056136,-0.067770,0.059693,-0.994330,-0.880405,0.172287,0.715888
459,1.275000,,,,,,,,-0.056136,-0.067772,0.059690,-0.994330,-0.880405,0.172285,0.715891
460,1.277778,,,,,,,,-0.056111,-0.067822,0.059648,-0.994331,-0.880430,0.172283,0.715892
461,1.280556,,,,,,,,-0.056071,-0.067868,0.059626,-0.994331,-0.880443,0.172290,0.715881
462,1.283333,,,,,,,,-0.056089,-0.067829,0.059638,-0.994332,-0.880425,0.172289,0.715885
463,1.286111,,,,,,,,-0.056069,-0.067889,0.059619,-0.994330,-0.880444,0.172292,0.715887
464,1.288889,,,,,,,,-0.056121,-0.067803,0.059680,-0.994330,-0.880410,0.172289,0.715890
465,1.291667,,,,,,,,-0.056092,-0.067828,0.059657,-0.994331,-0.880413,0.172296,0.715889
466,1.294444,,,,,,,,-0.056052,-0.067889,0.059613,-0.994332,-0.880434,0.172296,0.715885
467,1.297222,,,,,,,,-0.056088,-0.067830,0.059638,-0.994332,-0.880428,0.172289,0.715884
468,1.300000,,,,,,,,-0.056073,-0.067852,0.059617,-0.994333,-0.880440,0.172288,0.715883
469,1.302778,,,,,,,,-0.056111,-0.067778,0.059656,-0.994333,-0.880408,0.172282,0.715887
470,1.305556,,,,,,,,-0.056089,-0.067813,0.059653,-0.994332,-0.880415,0.172278,0.715887
471,1.308333,,,,,,,,-0.056098,-0.067801,0.059672,-0.994332,-0.880411,0.172285,0.715888
472,1.311111,,,,,,,,-0.056104,-0.067786,0.059678,-0.994332,-0.880398,0.172292,0.715885
473,1.313889,,,,,,,,-0.056097,-0.067792,0.059668,-0.994332,-0.880399,0.172293,0.715886
474,1.316667,,,,,,,,-0.056108,-0.067779,0.059678,-0.994332,-0.880397,0.172290,0.715885
475,1.319444,,,,,,,,-0.056118,-0.067779,0.059668,-0.994332,-0.880401,0.172288,0.715881
476,1.322222,,,,,,,,-0.056085,-0.067800,0.059653,-0.994334,-0.880405,0.172289,0.715882
477,1.325000,,,,,,,,-0.056090,-0.067815,0.059653,-0.994332,-0.880407,0.172292,0.715882
478,1.327778,,,,,,,,-0.056111,-0.067800,0.059651,-0.994332,-0.880407,0.172289,0.715886
479,1.330556,,,,,,,,-0.056124,-0.067778,0.059670,-0.994332,-0.880399,0.172290,0.715885
480,1.333333,,,,,,,,-0.056117,-0.067781,0.059649,-0.994333,-0.880408,0.172314,0.715895
481,1.336111,,,,,,,,-0.056099,-0.067820,0.059584,-0.994336,-0.880431,0.172346,0.715903
482,1.338889,,,,,,,,-0.056050,-0.067882,0.059610,-0.994332,-0.880441,0.172298,0.715882
483,1.341667,,,,,,,,-0.056103,-0.067802,0.059666,-0.994332,-0.880411,0.172290,0.715882
484,1.344444,,,,,,,,-0.056126,-0.067796,0.059694,-0.994329,-0.880393,0.172297,0.715884
485,1.347222,,,,,,,,-0.056121,-0.067806,0.059698,-0.994328,-0.880398,0.172292,0.715889
486,1.350000,,,,,,,,-0.056082,-0.067837,0.059673,-0.994330,-0.880412,0.172288,0.715889
487,1.352778,,,,,,,,-0.056054,-0.067856,0.059629,-0.994333,-0.880420,0.172292,0.715885
488,1.355556,,,,,,,,-0.056046,-0.067904,0.059618,-0.994331,-0.880432,0.172295,0.715880
489,1.358333,,,,,,,,-0.056116,-0.067797,0.059674,-0.994331,-0.880395,0.172293,0.715882
490,1.361111,,,,,,,,-0.056134,-0.067782,0.059692,-0.994330,-0.880399,0.172291,0.715885
491,1.363889,,,,,,,,-0.056112,-0.067803,0.059693,-0.994329,-0.880400,0.172288,0.715889
492,1.366667,,,,,,,,-0.056058,-0.067856,0.059641,-0.994332,-0.880419,0.172293,0.715886
493,1.369444,,,,,,,,-0.056034,-0.067904,0.059619,-0.994331,-0.880435,0.172299,0.715879
494,1.372222,,,,,,,,-0.056109,-0.067810,0.059684,-0.994330,-0.880412,0.172285,0.715888
495,1.375000,,,,,,,,-0.056137,-0.067813,0.059716,-0.994326,-0.880385,0.172263,0.715873
496,1.377778,,,,,,,,-0.056182,-0.067794,0.059710,-0.994325,-0.880358,0.172236,0.715850
497,1.380556,,,,,,,,-0.056105,-0.067796,0.059678,-0.994331,-0.880405,0.172292,0.715887
498,1.383333,,,,,,,,-0.056102,-0.067745,0.059699,-0.994334,-0.880388,0.172284,0.715877
499,1.386111,,,,,,,,-0.056082,-0.067752,0.059723,-0.994333,-0.880377,0.172272,0.715873
500,1.388889,,,,,,,,-0.056098,-0.067794,0.059686,-0.994331,-0.880402,0.172296,0.715888
501,1.391667,,,,,,,,-0.056091,-0.067820,0.059691,-0.994330,-0.880402,0.172299,0.715882
502,1.394444,,,,,,,,-0.056116,-0.067798,0.059687,-0.994330,-0.880400,0.172300,0.715879
503,1.397222,,,,,,,,-0.056064,-0.067811,0.059705,-0.994331,-0.880413,0.172282,0.715894
504,1.400000,,,,,,,,-0.055997,-0.067840,0.059711,-0.994332,-0.880428,0.172254,0.715908
505,1.402778,,,,,,,,-0.056049,-0.067889,0.059607,-0.994332,-0.880437,0.172300,0.715878
506,1.405556,,,,,,,,-0.056092,-0.067830,0.059656,-0.994331,-0.880411,0.172304,0.715883
507,1.408333,,,,,,,,-0.056061,-0.067898,0.059616,-0.994330,-0.880433,0.172312,0.715882
508,1.411111,,,,,,,,-0.056092,-0.067851,0.059649,-0.994330,-0.880416,0.172297,0.715887
509,1.413889,,,,,,,,-0.056065,-0.067900,0.059622,-0.994330,-0.880435,0.172301,0.715878
510,1.416667,,,,,,,,-0.056111,-0.067796,0.059676,-0.994331,-0.880401,0.172295,0.715884
511,1.419444,,,,,,,,-0.056122,-0.067787,0.059674,-0.994331,-0.880397,0.172298,0.715885
512,1.422222,,,,,,,,-0.056113,-0.067787,0.059678,-0.994331,-0.880400,0.172297,0.715880
513,1.425000,,,,,,,,-0.056099,-0.067800,0.059676,-0.994331,-0.880406,0.172288,0.715881
514,1.427778,,,,,,,,-0.056127,-0.067774,0.059688,-0.994331,-0.880396,0.172295,0.715882
515,1.430556,,,,,,,,-0.056091,-0.067812,0.059675,-0.994331,-0.880413,0.172300,0.715878
516,1.433333,,,,,,,,-0.056048,-0.067883,0.059608,-0.994333,-0.880434,0.172303,0.715878
517,1.436111,,,,,,,,-0.056106,-0.067796,0.059677,-0.994331,-0.880393,0.172295,0.715882
518,1.438889,,,,,,,,-0.056122,-0.067794,0.059696,-0.994329,-0.880392,0.172302,0.715885
519,1.441667,,,,,,,,-0.056114,-0.067802,0.059665,-0.994331,-0.880397,0.172296,0.715888
520,1.444444,,,,,,,,-0.056102,-0.067810,0.059659,-0.994332,-0.880402,0.172292,0.715884
521,1.447222,,,,,,,,-0.056102,-0.067804,0.059669,-0.994331,-0.880398,0.172293,0.715882
522,1.450000,,,,,,,,-0.056109,-0.067793,0.059661,-0.994332,-0.880394,0.172297,0.715882
523,1.452778,,,,,,,,-0.056086,-0.067817,0.059655,-0.994332,-0.880402,0.172301,0.715884
524,1.455556,,,,,,,,-0.056091,-0.067812,0.059676,-0.994331,-0.880404,0.172294,0.715878
525,1.458333,,,,,,,,-0.056103,-0.067794,0.059695,-0.994330,-0.880391,0.172300,0.715883
526,1.461111,,,,,,,,-0.056114,-0.067785,0.059696,-0.994330,-0.880392,0.172299,0.715884
527,1.463889,,,,,,,,-0.056111,-0.067805,0.059675,-0.994331,-0.880395,0.172298,0.715884
528,1.466667,,,,,,,,-0.056111,-0.067787,0.059667,-0.994332,-0.880387,0.172301,0.715886
529,1.469444,,,,,,,,-0.056119,-0.067780,0.059682,-0.994331,-0.880398,0.172293,0.715884
530,1.472222,,,,,,,,-0.056110,-0.067795,0.059695,-0.994330,-0.880402,0.172294,0.715889
531,1.475000,,,,,,,,-0.056149,-0.067795,0.059665,-0.994330,-0.880399,0.172281,0.715882
532,1.477778,,,,,,,,-0.056210,-0.067816,0.059642,-0.994326,-0.880383,0.172251,0.715861
533,1.480556,,,,,,,,-0.056149,-0.067788,0.059676,-0.994329,-0.880396,0.172276,0.715878
534,1.483333,,,,,,,,-0.056236,-0.067794,0.059667,-0.994325,-0.880375,0.172249,0.715866
535,1.486111,,,,,,,,-0.056115,-0.067784,0.059691,-0.994331,-0.880395,0.172293,0.715885
536,1.488889,,,,,,,,-0.056115,-0.067796,0.059696,-0.994330,-0.880393,0.172299,0.715887
537,1.491667,,,,,,,,-0.056122,-0.067786,0.059678,-0.994331,-0.880390,0.172297,0.715887
538,1.494444,,,,,,,,-0.056122,-0.067783,0.059665,-0.994332,-0.880394,0.172292,0.715888
539,1.497222,,,,,,,,-0.056114,-0.067783,0.059656,-0.994333,-0.880397,0.172290,0.715888
540,1.500000,,,,,,,,-0.056096,-0.067802,0.059660,-0.994332,-0.880404,0.172291,0.715882
541,1.502778,,,,,,,,-0.056122,-0.067774,0.059653,-0.994333,-0.880399,0.172292,0.715885
542,1.505556,,,,,,,,-0.056120,-0.067770,0.059686,-0.994332,-0.880396,0.172293,0.715878
543,1.508333,,,,,,,,-0.056121,-0.067769,0.059671,-0.994333,-0.880399,0.172297,0.715885
544,1.511111,,,,,,,,-0.056124,-0.067765,0.059668,-0.994333,-0.880398,0.172301,0.715888
545,1.513889,,,,,,,,-0.056155,-0.067787,0.059667,-0.994330,-0.880386,0.172296,0.715882
546,1.516667,,,,,,,,-0.056261,-0.067817,0.059651,-0.994323,-0.880370,0.172248,0.715858
547,1.519444,,,,,,,,-0.056239,-0.067812,0.059662,-0.994323,-0.880375,0.172257,0.715863
548,1.522222,,,,,,,,-0.056121,-0.067799,0.059685,-0.994330,-0.880405,0.172289,0.715881
549,1.525000,,,,,,,,-0.056150,-0.067800,0.059661,-0.994329,-0.880394,0.172283,0.715881
550,1.527778,,,,,,,,-0.056233,-0.067809,0.059668,-0.994324,-0.880376,0.172262,0.715864
551,1.530556,,,,,,,,-0.056131,-0.067777,0.059670,-0.994332,-0.880397,0.172300,0.715884
552,1.533333,,,,,,,,-0.056132,-0.067778,0.059682,-0.994331,-0.880397,0.172291,0.715883
553,1.536111,,,,,,,,-0.056120,-0.067792,0.059686,-0.994330,-0.880395,0.172289,0.715883
554,1.538889,,,,,,,,-0.056133,-0.067793,0.059712,-0.994328,-0.880393,0.172297,0.715890
555,1.541667,,,,,,,,-0.056112,-0.067787,0.059694,-0.994330,-0.880389,0.172295,0.715886
556,1.544444,,,,,,,,-0.056107,-0.067806,0.059697,-0.994329,-0.880392,0.172293,0.715882
557,1.547222,,,,,,,,-0.056118,-0.067797,0.059691,-0.994330,-0.880389,0.172298,0.715890
558,1.550000,,,,,,,,-0.056127,-0.067786,0.059686,-0.994330,-0.880394,0.172289,0.715885
559,1.552778,,,,,,,,-0.056138,-0.067651,0.059552,-0.994347,-0.880352,0.172310,0.715897
560,1.555556,,,,,,,,-0.056068,-0.067337,0.059126,-0.994398,-0.880212,0.172377,0.715953
561,1.558333,,,,,,,,-0.056107,-0.067801,0.059678,-0.994331,-0.880396,0.172297,0.715890
562,1.561111,,,,,,,,-0.056109,-0.067778,0.059710,-0.994330,-0.880381,0.172284,0.715875
563,1.563889,,,,,,,,-0.056064,-0.067726,0.059759,-0.994334,-0.880350,0.172249,0.715848
564,1.566667,,,,,,,,-0.056188,-0.067768,0.059675,-0.994329,-0.880390,0.172282,0.715882
565,1.569444,,,,,,,,-0.056258,-0.067789,0.059679,-0.994323,-0.880374,0.172256,0.715863
566,1.572222,,,,,,,,-0.056135,-0.067775,0.059690,-0.994330,-0.880393,0.172301,0.715882
567,1.575000,,,,,,,,-0.056144,-0.067807,0.059719,-0.994326,-0.880405,0.172291,0.715883
568,1.577778,,,,,,,,-0.056114,-0.067814,0.059691,-0.994329,-0.880411,0.172283,0.715878
569,1.580556,,,,,,,,-0.056121,-0.067840,0.059651,-0.994329,-0.880409,0.172287,0.715877
570,1.583333,,,,,,,,-0.056169,-0.067932,0.059616,-0.994322,-0.880413,0.172273,0.715845
571,1.586111,,,,,,,,-0.056109,-0.067788,0.059670,-0.994332,-0.880400,0.172296,0.715876
572,1.588889,,,,,,,,-0.056109,-0.067797,0.059693,-0.994330,-0.880401,0.172280,0.715873
573,1.591667,,,,,,,,-0.056110,-0.067746,0.059733,-0.994331,-0.880371,0.172270,0.715863
574,1.594444,,,,,,,,-0.056126,-0.067805,0.059684,-0.994329,-0.880408,0.172290,0.715885
575,1.597222,,,,,,,,-0.056112,-0.067804,0.059689,-0.994330,-0.880403,0.172289,0.715878
576,1.600000,,,,,,,,-0.056086,-0.067750,0.059717,-0.994333,-0.880376,0.172275,0.715863
577,1.602778,,,,,,,,-0.056111,-0.067803,0.059655,-0.994332,-0.880412,0.172295,0.715880
578,1.605556,,,,,,,,-0.056108,-0.067812,0.059684,-0.994330,-0.880410,0.172295,0.715878
579,1.608333,,,,,,,,-0.056131,-0.067796,0.059693,-0.994329,-0.880406,0.172299,0.715876
580,1.611111,,,,,,,,-0.056120,-0.067785,0.059667,-0.994332,-0.880399,0.172293,0.715881
581,1.613889,,,,,,,,-0.056132,-0.067779,0.059700,-0.994330,-0.880399,0.172291,0.715882
582,1.616667,,,,,,,,-0.056140,-0.067773,0.059694,-0.994330,-0.880401,0.172289,0.715884
583,1.619444,,,,,,,,-0.056116,-0.067788,0.059673,-0.994331,-0.880400,0.172288,0.715880
584,1.622222,,,,,,,,-0.056141,-0.067775,0.059697,-0.994329,-0.880396,0.172293,0.715881
585,1.625000,,,,,,,,-0.056140,-0.067769,0.059711,-0.994329,-0.880396,0.172290,0.715880
586,1.627778,,,,,,,,-0.056109,-0.067783,0.059693,-0.994331,-0.880402,0.172293,0.715883
587,1.630556,,,,,,,,-0.056137,-0.067778,0.059686,-0.994330,-0.880400,0.172294,0.715879
588,1.633333,,,,,,,,-0.056116,-0.067789,0.059672,-0.994331,-0.880403,0.172289,0.715879
589,1.636111,,,,,,,,-0.056082,-0.067811,0.059675,-0.994332,-0.880409,0.172297,0.715887
590,1.638889,,,,,,,,-0.056077,-0.067818,0.059670,-0.994332,-0.880411,0.172289,0.715876
591,1.641667,,,,,,,,-0.056131,-0.067783,0.059704,-0.994329,-0.880401,0.172292,0.715879
592,1.644444,,,,,,,,-0.056117,-0.067787,0.059689,-0.994331,-0.880404,0.172289,0.715878
593,1.647222,,,,,,,,-0.056122,-0.067789,0.059683,-0.994330,-0.880401,0.172293,0.715877
594,1.650000,,,,,,,,-0.056109,-0.067798,0.059688,-0.994330,-0.880404,0.172294,0.715882
595,1.652778,,,,,,,,-0.056124,-0.067792,0.059701,-0.994329,-0.880402,0.172295,0.715878
596,1.655556,,,,,,,,-0.056113,-0.067808,0.059682,-0.994330,-0.880407,0.172293,0.715878
597,1.658333,,,,,,,,-0.056124,-0.067789,0.059674,-0.994331,-0.880410,0.172289,0.715879
598,1.661111,,,,,,,,-0.056124,-0.067780,0.059693,-0.994330,-0.880396,0.172291,0.715884
599,1.663889,,,,,,,,-0.056105,-0.067799,0.059678,-0.994331,-0.880400,0.172295,0.715885
600,1.666667,,,,,,,,-0.056088,-0.067825,0.059654,-0.994332,-0.880406,0.172293,0.715885
601,1.669444,,,,,,,,-0.056118,-0.067809,0.059665,-0.994330,-0.880408,0.172286,0.715881
602,1.672222,,,,,,,,-0.056123,-0.067712,0.059577,-0.994342,-0.880370,0.172309,0.715891
603,1.675000,,,,,,,,-0.056078,-0.067286,0.059087,-0.994403,-0.880205,0.172386,0.715955
604,1.677778,,,,,,,,-0.056133,-0.067799,0.059686,-0.994329,-0.880405,0.172296,0.715884
605,1.680556,,,,,,,,-0.056132,-0.067770,0.059702,-0.994330,-0.880398,0.172304,0.715882
606,1.683333,,,,,,,,-0.056134,-0.067785,0.059695,-0.994329,-0.880400,0.172290,0.715878
607,1.686111,,,,,,,,-0.056114,-0.067796,0.059669,-0.994331,-0.880405,0.172293,0.715887
608,1.688889,,,,,,,,-0.056107,-0.067798,0.059672,-0.994331,-0.880402,0.172298,0.715886
609,1.691667,,,,,,,,-0.056047,-0.067897,0.059590,-0.994333,-0.880443,0.172305,0.715880
610,1.694444,,,,,,,,-0.056111,-0.067775,0.059691,-0.994331,-0.880400,0.172289,0.715883
611,1.697222,,,,,,,,-0.056110,-0.067793,0.059709,-0.994329,-0.880395,0.172281,0.715879
612,1.700000,,,,,,,,-0.056092,-0.067733,0.059723,-0.994334,-0.880378,0.172262,0.715859
613,1.702778,,,,,,,,-0.056115,-0.067795,0.059670,-0.994331,-0.880403,0.172288,0.715880
614,1.705556,,,,,,,,-0.056105,-0.067804,0.059658,-0.994332,-0.880413,0.172289,0.715887
615,1.708333,,,,,,,,-0.056127,-0.067780,0.059668,-0.994332,-0.880404,0.172290,0.715878
616,1.711111,,,,,,,,-0.056137,-0.067790,0.059692,-0.994329,-0.880394,0.172296,0.715879
617,1.713889,,,,,,,,-0.056126,-0.067807,0.059686,-0.994329,-0.880416,0.172295,0.715877
618,1.716667,,,,,,,,-0.056035,-0.067927,0.059614,-0.994330,-0.880446,0.172296,0.715870
619,1.719444,,,,,,,,-0.056090,-0.067746,0.059727,-0.994333,-0.880370,0.172272,0.715863
620,1.722222,,,,,,,,-0.056121,-0.067797,0.059663,-0.994331,-0.880398,0.172294,0.715886
621,1.725000,,,,,,,,-0.056109,-0.067817,0.059662,-0.994331,-0.880409,0.172291,0.715880
622,1.727778,,,,,,,,-0.056157,-0.067802,0.059727,-0.994325,-0.880406,0.172292,0.715880
623,1.730556,,,,,,,,-0.056238,-0.067830,0.059694,-0.994320,-0.880368,0.172256,0.715859
624,1.733333,,,,,,,,-0.056121,-0.067782,0.059679,-0.994331,-0.880395,0.172299,0.715879
625,1.736111,,,,,,,,-0.056127,-0.067798,0.059662,-0.994331,-0.880409,0.172299,0.715877
626,1.738889,,,,,,,,-0.056116,-0.067784,0.059676,-0.994331,-0.880406,0.172285,0.715879
627,1.741667,,,,,,,,-0.056109,-0.067795,0.059675,-0.994331,-0.880414,0.172283,0.715882
628,1.744444,,,,,,,,-0.056110,-0.067804,0.059691,-0.994330,-0.880403,0.172289,0.715882
629,1.747222,,,,,,,,-0.056061,-0.067917,0.059621,-0.994329,-0.880440,0.172295,0.715876
630,1.750000,,,,,,,,-0.056224,-0.067844,0.059658,-0.994322,-0.880381,0.172242,0.715859
631,1.752778,,,,,,,,-0.056132,-0.067808,0.059696,-0.994328,-0.880411,0.172282,0.715886
632,1.755556,,,,,,,,-0.056130,-0.067787,0.059702,-0.994329,-0.880401,0.172288,0.715887
633,1.758333,,,,,,,,-0.056103,-0.067811,0.059671,-0.994331,-0.880414,0.172278,0.715892
634,1.761111,,,,,,,,-0.056119,-0.067781,0.059677,-0.994331,-0.880409,0.172285,0.715880
635,1.763889,,,,,,,,-0.056149,-0.067798,0.059707,-0.994327,-0.880410,0.172286,0.715883
636,1.766667,,,,,,,,-0.056118,-0.067793,0.059701,-0.994329,-0.880394,0.172291,0.715884
637,1.769444,,,,,,,,-0.056062,-0.067750,0.059738,-0.994333,-0.880370,0.172264,0.715866
638,1.772222,,,,,,,,-0.056107,-0.067823,0.059686,-0.994329,-0.880412,0.172286,0.715880
639,1.775000,,,,,,,,-0.056046,-0.067901,0.059600,-0.994332,-0.880447,0.172294,0.715874
640,1.777778,,,,,,,,-0.056128,-0.067781,0.059690,-0.994330,-0.880400,0.172301,0.715883
641,1.780556,,,,,,,,-0.056141,-0.067775,0.059709,-0.994329,-0.880401,0.172293,0.715878
642,1.783333,,,,,,,,-0.056255,-0.067814,0.059653,-0.994323,-0.880374,0.172246,0.715857
643,1.786111,,,,,,,,-0.056099,-0.067772,0.059654,-0.994335,-0.880406,0.172293,0.715878
644,1.788889,,,,,,,,-0.056134,-0.067796,0.059670,-0.994330,-0.880399,0.172294,0.715874
645,1.791667,,,,,,,,-0.056258,-0.067803,0.059669,-0.994323,-0.880372,0.172252,0.715860
646,1.794444,,,,,,,,-0.056146,-0.067788,0.059702,-0.994328,-0.880402,0.172296,0.715883
647,1.797222,,,,,,,,-0.056122,-0.067812,0.059687,-0.994329,-0.880409,0.172295,0.715886
648,1.800000,,,,,,,,-0.056109,-0.067817,0.059688,-0.994329,-0.880406,0.172294,0.715881
649,1.802778,,,,,,,,-0.056122,-0.067794,0.059685,-0.994330,-0.880405,0.172293,0.715880
650,1.805556,,,,,,,,-0.056143,-0.067785,0.059692,-0.994329,-0.880408,0.172294,0.715883
651,1.808333,,,,,,,,-0.056135,-0.067788,0.059690,-0.994329,-0.880402,0.172283,0.715878
652,1.811111,,,,,,,,-0.056107,-0.067799,0.059656,-0.994332,-0.880414,0.172288,0.715890
653,1.813889,,,,,,,,-0.056135,-0.067787,0.059678,-0.994330,-0.880398,0.172287,0.715879
654,1.816667,,,,,,,,-0.056126,-0.067780,0.059692,-0.994330,-0.880396,0.172286,0.715879
655,1.819444,,,,,,,,-0.056033,-0.067746,0.059797,-0.994331,-0.880359,0.172228,0.715847
656,1.822222,,,,,,,,-0.056017,-0.067772,0.059772,-0.994332,-0.880415,0.172238,0.715917
657,1.825000,,,,,,,,-0.056122,-0.067804,0.059680,-0.994330,-0.880403,0.172293,0.715886
658,1.827778,,,,,,,,-0.056081,-0.067807,0.059679,-0.994332,-0.880409,0.172287,0.715884
659,1.830556,,,,,,,,-0.056118,-0.067815,0.059676,-0.994329,-0.880414,0.172282,0.715881
660,1.833333,,,,,,,,-0.056141,-0.067779,0.059692,-0.994330,-0.880406,0.172282,0.715879
661,1.836111,,,,,,,,-0.056099,-0.067818,0.059681,-0.994330,-0.880413,0.172291,0.715880
662,1.838889,,,,,,,,-0.056129,-0.067793,0.059704,-0.994328,-0.880404,0.172284,0.715878
663,1.841667,,,,,,,,-0.056150,-0.067794,0.059696,-0.994328,-0.880406,0.172298,0.715882
664,1.844444,,,,,,,,-0.056055,-0.067888,0.059609,-0.994332,-0.880445,0.172303,0.715872
665,1.847222,,,,,,,,-0.056110,-0.067792,0.059668,-0.994332,-0.880401,0.172298,0.715877
666,1.850000,,,,,,,,-0.056093,-0.067826,0.059655,-0.994331,-0.880411,0.172285,0.715876
667,1.852778,,,,,,,,-0.056112,-0.067800,0.059671,-0.994331,-0.880412,0.172293,0.715878
668,1.855556,,,,,,,,-0.056133,-0.067807,0.059681,-0.994329,-0.880416,0.172295,0.715883
669,1.858333,,,,,,,,-0.056095,-0.067791,0.059691,-0.994331,-0.880397,0.172295,0.715876
670,1.861111,,,,,,,,-0.056123,-0.067802,0.059713,-0.994328,-0.880404,0.172292,0.715870
671,1.863889,,,,,,,,-0.056133,-0.067783,0.059695,-0.994330,-0.880396,0.172293,0.715879
672,1.866667,,,,,,,,-0.056124,-0.067782,0.059677,-0.994331,-0.880399,0.172289,0.715877
673,1.869444,,,,,,,,-0.056107,-0.067811,0.059679,-0.994330,-0.880411,0.172287,0.715881
674,1.872222,,,,,,,,-0.056144,-0.067782,0.059702,-0.994329,-0.880405,0.172294,0.715876
675,1.875000,,,,,,,,-0.056122,-0.067768,0.059659,-0.994333,-0.880406,0.172293,0.715881
676,1.877778,,,,,,,,-0.056115,-0.067778,0.059657,-0.994333,-0.880405,0.172291,0.715881
677,1.880556,,,,,,,,-0.056125,-0.067787,0.059699,-0.994329,-0.880404,0.172293,0.715886
678,1.883333,,,,,,,,-0.056110,-0.067811,0.059678,-0.994330,-0.880408,0.172289,0.715883
679,1.886111,,,,,,,,-0.056089,-0.067843,0.059688,-0.994328,-0.880418,0.172289,0.715876
680,1.888889,,,,,,,,-0.056207,-0.067862,0.059662,-0.994322,-0.880381,0.172243,0.715862
681,1.891667,,,,,,,,-0.056132,-0.067782,0.059671,-0.994331,-0.880404,0.172291,0.715877
682,1.894444,,,,,,,,-0.056131,-0.067781,0.059664,-0.994332,-0.880406,0.172285,0.715874
683,1.897222,,,,,,,,-0.056250,-0.067827,0.059641,-0.994323,-0.880386,0.172237,0.715864
684,1.900000,,,,,,,,-0.056137,-0.067793,0.059715,-0.994327,-0.880413,0.172289,0.715883
685,1.902778,,,,,,,,-0.056084,-0.067824,0.059687,-0.994330,-0.880416,0.172291,0.715881
686,1.905556,,,,,,,,-0.056146,-0.067779,0.059690,-0.994329,-0.880401,0.172296,0.715889
687,1.908333,,,,,,,,-0.056124,-0.067852,0.059748,-0.994322,-0.880401,0.172188,0.715901
688,1.911111,,,,,,,,-0.056144,-0.067785,0.059571,-0.994336,-0.880429,0.172371,0.715917
689,1.913889,,,,,,,,-0.056133,-0.067772,0.059692,-0.994330,-0.880397,0.172301,0.715881
690,1.916667,,,,,,,,-0.056043,-0.067245,0.058985,-0.994413,-0.880188,0.172386,0.715969
691,1.919444,,,,,,,,-0.056137,-0.067771,0.059686,-0.994331,-0.880405,0.172296,0.715883
692,1.922222,,,,,,,,-0.056103,-0.067812,0.059688,-0.994330,-0.880413,0.172293,0.715879
693,1.925000,,,,,,,,-0.056103,-0.067790,0.059690,-0.994331,-0.880400,0.172299,0.715882
694,1.927778,,,,,,,,-0.056139,-0.067761,0.059645,-0.994334,-0.880400,0.172294,0.715877
695,1.930556,,,,,,,,-0.056108,-0.067782,0.059678,-0.994332,-0.880399,0.172293,0.715874
696,1.933333,,,,,,,,-0.056108,-0.067817,0.059670,-0.994330,-0.880408,0.172296,0.715886
697,1.936111,,,,,,,,-0.056097,-0.067782,0.059659,-0.994334,-0.880404,0.172289,0.715877
698,1.938889,,,,,,,,-0.056140,-0.067764,0.059715,-0.994329,-0.880401,0.172299,0.715883
699,1.941667,,,,,,,,-0.056108,-0.067810,0.059671,-0.994330,-0.880408,0.172292,0.715881
700,1.944444,,,,,,,,-0.056107,-0.067779,0.059695,-0.994331,-0.880403,0.172290,0.715881
